レコード番号,agent_loudness_mean,agent_negative_sentence,agent_neutral_sentence,agent_positive_sentence,agent_sentiment_score,agent_talktime,agent_total_sentence,customer_loudness_mean,customer_negative_sentence,customer_neutral_sentence,customer_positive_sentence,customer_sentiment_score,customer_talktime,customer_total_sentence,total_conversation_duration,total_talktime,電話日-成約日,agent_customer_talktime_ratio,sentiment_difference,avg_sentiment,total_sentences,agent_sentence_ratio,silence_ratio,agent_positivity_ratio,customer_positivity_ratio,未払FLAG,call_count
7,75.8262,33,438,14,-0.16666666666666666,834.698,485,67.29686666666667,11,454,5,-0.06666666666666667,277.58233333333334,470,1444.8993333333335,1112.2803333333334,3.3333333333333335,2.9265564991229027,-0.09999999999999998,-0.11666666666666668,955,1.3842341617905467,0.17680348188536502,0.2995588640749931,0.34949494949494947,支払済,3
11,37.895,5,14,0,-0.65,100.8765,19,80.4288,2,18,0,-2.65,101.721,20,164.81,202.5975,120.0,0.4981530955402689,2.0,-1.65,39,0.48717948717948717,0.05755359685388417,0.0,0.0,未払,2
32,73.322475,9,61,3,-0.5499999999999999,104.69825,73,55.240775,2,92,1,0.0,37.1615,95,188.7845,141.85975,72.0,4.70249695237711,-0.5499999999999999,-0.275,168,2.0517857142857143,0.30188969924699516,0.13333333333333333,0.125,未払,4
46,68.922,0,5,2,1.4,22.951,7,63.9193,1,5,3,1.5,14.429,9,79.48,37.38,0.0,1.4875234947177394,-0.10000000000000009,1.45,16,0.4117647058823529,0.5355367793240556,0.6666666666666666,0.6,未払,1
48,38.6933,0,9,1,0.25,18.447,10,76.55085,1,15,0,-2.5,12.2945,16,63.5645,30.7415,2.0,0.8020434782608695,2.75,-1.125,26,0.38461538461538464,0.40475188312153243,0.25,0.0,未払,2
49,75.769175,17,281,17,0.016666666666666666,307.93191666666667,315,72.04539166666667,22,288,10,-0.16666666666666666,177.23775,320,420.3425833333333,494.3666666666666,93.58333333333333,1.749740543482922,0.18333333333333335,-0.07500000000000001,635,5.640240162265027,-0.21795446060029566,0.3423611111111111,0.22321428571428573,支払済,12
65,76.4922,8,165,12,0.1,1118.212,185,77.2154,4,201,2,0.0,335.141,207,1531.14,1453.353,0.0,3.3266159141550715,0.1,0.05,392,0.4707379134860051,0.05142284647617057,0.5714285714285714,0.2857142857142857,支払済,1
80,79.7599,43,491,28,-0.1,3787.349,562,70.7909,50,637,5,-0.4,1295.898,692,5851.22,5083.247,0.0,2.920313702388315,0.30000000000000004,-0.25,1254,0.447808764940239,0.13139851201766162,0.3888888888888889,0.08928571428571429,未払,1
81,78.3723,18,380,23,0.1,2010.078,421,76.0473,15,371,15,0.0,794.336,401,3853.8,2804.414,0.0,2.5273318446543347,0.1,0.05,822,0.511543134872418,0.2724878074089446,0.5476190476190477,0.4838709677419355,支払済,1
84,0.0,0,0,0,0.0,0.0,0,87.37835000000001,1,1,0,-2.5,2.404,2,2.404,2.404,1.5,0.0,2.5,-1.25,2,0.0,0.2943060511451004,0.0,0.0,支払済,2
91,69.97715555555556,5,101,15,1.3444444444444443,119.64044444444446,121,72.10675555555555,10,108,1,-1.6111111111111112,47.63866666666667,119,298.2621111111111,165.19,206.44444444444446,1.676146085166871,2.9555555555555557,-0.13333333333333336,240,3.4646671928439883,0.1358359533652645,0.3851851851851852,0.05555555555555555,未払,9
95,73.58687142857143,11,144,10,0.2714285714285714,73.88157142857143,165,72.86717142857142,3,172,1,-0.05714285714285715,59.864285714285714,176,169.471,133.74585714285715,9.714285714285714,1.5762566969958203,0.32857142857142857,0.10714285714285714,341,3.2709389882688984,0.3119101802528513,0.4202380952380952,0.03571428571428571,支払済,7
98,75.53045,12,278,14,0.0,554.2265,304,73.27725000000001,8,203,18,0.25,138.7505,229,1112.42,692.977,0.0,3.9494454181612566,-0.25,0.12499999999999999,533,1.1423403766651354,0.34075274030861374,0.47593582887700536,0.6564102564102564,支払済,2
99,52.5489,28,322,24,0.18333333333333332,203.592,374,75.12648333333333,16,370,4,-0.5333333333333333,156.70033333333333,390,415.04266666666666,360.2923333333333,0.0,0.8722467944380056,0.7166666666666667,-0.17500000000000002,764,1.7023973667047478,0.2978405960896428,0.30600118835412954,0.041666666666666664,支払済,6
100,76.2876,16,136,19,0.1,649.615,171,69.4176,9,127,3,-0.2,306.858,139,1334.069,956.473,0.0,2.110112454443282,0.30000000000000004,-0.05,310,0.5498392282958199,0.2835778525304685,0.5277777777777778,0.23076923076923078,未払,1
104,77.9219,11,85,10,0.19999999999999998,259.9885,106,69.24865,8,130,7,-0.2,117.4685,145,506.4045,377.457,0.0,1.834780298941244,0.4,-1.3877787807814457e-17,251,0.7985807860262009,0.19761445246654064,0.4642857142857143,0.23333333333333334,未払,2
106,76.2909,12,200,11,0.0,1275.354,223,69.5713,4,257,1,-0.1,296.541,262,2546.169,1571.895,0.0,4.286313482847742,0.1,-0.05,485,0.4588477366255144,0.38288547010426077,0.4583333333333333,0.16666666666666666,支払済,1
107,73.5378,41,268,19,-0.5,1039.884,328,79.1456,11,264,1,-0.2,532.033,276,3523.33,1571.917,0.0,1.9508810899137576,-0.3,-0.35,604,0.5421487603305785,0.5539813241098308,0.3114754098360656,0.07692307692307693,未払,1
108,76.00256666666667,11,232,14,0.3,400.86566666666664,257,65.81230000000001,11,256,5,-0.033333333333333326,129.2326666666667,272,896.0596666666667,530.0983333333334,0.0,2.487680141016617,0.3333333333333333,0.13333333333333333,529,1.2691105427678318,0.3640700581067274,0.5198412698412699,0.29365079365079366,支払済,3
113,76.55258571428571,31,447,33,0.15714285714285717,293.46757142857143,511,79.64677142857143,38,564,10,-0.09999999999999999,237.17000000000002,612,515.431,530.6375714285714,105.71428571428571,1.4419249355687502,0.2571428571428572,0.028571428571428574,1123,2.9290584608508947,0.07444440016299012,0.41030377668308704,0.21681057038199894,支払済,7
114,72.96205,27,293,21,-0.05,1285.636,341,70.67,14,782,10,0.0,523.1185,806,1906.95,1808.7545,0.0,1.4758077713403865,-0.05,-0.025,1147,0.6300174520069808,0.1325806031662607,0.21428571428571427,0.2,未払,2
125,38.474999999999994,6,68,7,0.375,138.96325,81,79.0139,3,104,2,-1.175,48.93875,109,216.7895,187.902,3.0,1.0993288907823313,1.55,-0.4,190,0.8840388007054674,0.2975237592983614,0.25,0.1875,支払済,4
127,77.96525,8,155,26,-2.2,274.92199999999997,189,82.9041,7,161,2,-1.3,315.2115,170,605.695,590.1335,2.0,1.4986661414731663,-0.9,-1.75,359,0.7766106442577031,0.0689556020671398,0.38235294117647056,0.1111111111111111,支払済,2
129,77.7324,13,149,10,-0.1,970.395,172,60.1926,2,232,1,0.0,342.823,235,2408.479,1313.218,0.0,2.822367904415935,-0.1,-0.05,407,0.4215686274509804,0.4549784413974971,0.4166666666666667,0.25,支払済,1
135,74.5163,3,56,5,0.5,194.8885,64,71.26984999999999,3,91,2,-0.05,69.9335,96,516.599,264.822,0.0,2.245468365306512,0.55,0.22500000000000003,160,0.7735507246376812,0.4099522281152415,0.5476190476190476,0.29166666666666663,支払済,2
137,57.599425,13,103,18,0.09999999999999999,132.053,134,76.00745,7,132,4,-1.3,60.07325,143,205.9495,192.12625,0.0,1.489537436071064,1.4,-0.6,277,1.4723410051512351,0.18643228207259951,0.3458333333333333,0.16666666666666666,未払,4
140,75.0401,33,336,8,-0.4,2416.023,377,53.8575,13,334,6,-0.1,663.256,353,3568.32,3079.279,4.0,3.637186566624916,-0.30000000000000004,-0.25,730,0.5157318741450069,0.13729253751414838,0.19047619047619047,0.3,支払済,1
144,73.57476,8,83,3,-0.06000000000000001,99.523,94,73.34438,6,121,1,-2.2199999999999998,46.44199999999999,128,189.60160000000002,145.965,1.0,1.4175933607212037,2.16,-1.1400000000000001,222,2.2654367469879517,0.15356453015025362,0.13999999999999999,0.05,支払済,5
145,78.25926666666668,29,287,13,-0.5,456.88333333333327,329,66.07126666666666,3,417,4,0.03333333333333333,164.821,424,933.9626666666667,621.7043333333334,12.0,2.6344420535542707,-0.5333333333333333,-0.23333333333333336,753,1.2384799298560767,0.23080210932737386,0.26157407407407407,0.3,支払済,3
162,68.9004,1,12,2,0.3,37.561,15,64.0617,1,10,0,-0.5,18.317,11,105.26,55.878,0.0,1.944453072423254,0.8,-0.1,26,0.5555555555555556,0.47413890457368724,0.5,0.0,支払済,1
170,76.92695,13,325,31,0.30000000000000004,1044.115,369,67.72815,16,347,6,-0.05,316.98199999999997,369,1956.969,1361.097,0.0,3.1340663035096377,0.35000000000000003,0.125,738,0.9983443708609272,0.23412370335907068,0.7132132132132132,0.35,支払済,2
176,73.58687142857143,11,144,10,0.2714285714285714,73.88157142857143,165,72.86717142857142,3,172,1,-0.05714285714285715,59.864285714285714,176,169.471,133.74585714285715,9.714285714285714,1.5762566969958203,0.32857142857142857,0.10714285714285714,341,3.2709389882688984,0.3119101802528513,0.4202380952380952,0.03571428571428571,支払済,7
179,76.3002,20,142,11,-0.1875,82.547625,173,75.3978125,14,154,3,-0.9500000000000001,38.965375,171,181.38549999999998,121.513,3.375,1.8282095636471927,0.7625,-0.56875,344,3.6751932104655722,0.2674830338182106,0.2593434343434343,0.1125,支払済,8
194,76.90293333333334,14,315,24,0.033333333333333326,687.6343333333334,353,65.327,21,323,16,0.0,232.53,360,1262.8463333333332,920.1643333333335,0.0,3.5539923246509892,0.033333333333333326,0.016666666666666663,713,1.4933059038662486,0.24825187515504743,0.4793162393162393,0.4313131313131313,支払済,3
195,66.09594999999999,26,386,20,0.62,215.1415,432,76.36864,14,451,9,-0.25,75.6491,474,451.0965,290.7906,35.2,1.9005034611378477,0.8699999999999999,0.18499999999999997,906,3.7533382306674232,0.34269785962447763,0.403,0.2106060606060606,未払,10
215,70.57823333333333,18,225,29,0.06666666666666665,469.3823333333333,272,63.95876666666666,9,299,3,-0.10000000000000002,170.523,311,1062.0593333333334,639.9053333333333,0.0,2.884696159463378,0.16666666666666666,-0.01666666666666668,583,1.4286797803535478,0.4073707490334207,0.545550527903469,0.2253968253968254,支払済,3
218,76.76265,3,71,9,0.25,304.2585,83,69.2157,2,132,3,0.1,83.1035,137,531.4795,387.36199999999997,4.0,3.8290838423498545,0.15,0.175,220,0.664864864864865,0.1251304093104177,0.5303030303030303,0.45,支払済,2
221,78.7275,11,111,9,-0.26666666666666666,289.10566666666665,131,63.213966666666664,8,220,8,0.06666666666666667,111.71766666666667,236,815.2963333333333,400.8233333333333,0.0,2.727589948576243,-0.3333333333333333,-0.09999999999999999,367,1.0269823432918717,0.5036479113105726,0.34027777777777773,0.43650793650793646,支払済,3
222,57.524775,39,315,15,-0.4,396.0765,369,73.7918,14,402,2,-0.1,191.493,418,764.46975,587.5695000000001,1.0,1.2293645758953815,-0.3,-0.25,787,1.255522609340252,0.23749367648287442,0.19906015037593983,0.1125,支払済,4
223,61.28613333333333,19,388,31,0.12222222222222223,241.303,438,73.96363333333335,31,472,13,-0.7666666666666666,110.90566666666668,516,504.10622222222224,352.20866666666666,6.444444444444445,1.534486943526183,0.8888888888888888,-0.3222222222222222,954,2.970962352446953,0.2422221235421701,0.30504802931273517,0.14814814814814814,支払済,9
224,75.1699,1,95,13,0.6,606.921,109,75.1285,5,149,4,0.0,190.811,158,1091.319,797.732,1.0,3.1641615965716254,0.6,0.3,267,0.40671641791044777,0.2696895320872382,0.8666666666666667,0.4,支払済,1
229,37.93285,16,153,5,-0.15,348.5625,174,78.0971,7,140,9,0.05,184.185,156,653.75,532.7475,3.0,0.948805019462667,-0.2,-0.049999999999999996,330,0.5272727272727272,0.2596651358591658,0.11363636363636363,0.2647058823529412,支払済,2
230,76.7309,9,111,0,-0.4,567.664,120,73.7474,10,102,4,-0.3,298.943,116,920.179,866.607,2.0,1.8925729221885492,-0.10000000000000003,-0.35,236,0.5063291139240507,0.05924147207003194,0.0,0.26666666666666666,未払,1
231,71.4610888888889,89,1015,58,-0.2611111111111111,354.5863888888889,1162,79.34130555555555,125,1259,32,-0.4166666666666667,208.10816666666668,1416,615.9746111111111,544.6268333333333,49.55555555555556,1.5589472211324926,0.15555555555555556,-0.3388888888888889,2578,7.345044835722244,0.06339395502360128,0.2537879757637822,0.18351722083606142,支払済,18
233,78.17342727272727,76,838,37,-0.4454545454545455,340.8440909090909,951,78.29791818181819,88,1077,13,-0.390909090909091,290.07954545454544,1178,594.894,630.9236363636363,14.818181818181818,1.3185431635027114,-0.054545454545454536,-0.4181818181818182,2129,4.66956029818996,-0.059806587224490525,0.30437292595802246,0.09137104884905471,支払済,11
237,76.51689999999999,14,179,16,0.25,821.8025,209,73.1466,7,282,2,-0.2,178.0375,291,1074.5645,999.84,2.0,4.548971850102905,0.45,0.025,500,0.7549435028248588,0.08178818642553703,0.5,0.1111111111111111,支払済,2
240,39.3005,1,7,2,0.25,29.215,10,79.15805,3,19,0,-2.75,16.4375,22,60.389500000000005,45.6525,28.0,0.9326118878886548,3.0,-1.25,32,0.3125,0.26867977430174605,0.25,0.0,未払,2
247,77.00399999999999,20,101,4,-0.4,296.3355,125,73.59819999999999,7,114,2,-0.3,106.79299999999999,123,562.3595,403.1285,12.5,2.520805392257906,-0.10000000000000003,-0.35000000000000003,248,0.9611414693381906,0.2562267334535552,0.29545454545454547,0.14285714285714285,支払済,2
260,73.76111428571429,16,179,11,0.2285714285714286,483.0597142857143,206,69.24921428571429,25,174,11,-0.2714285714285714,468.766,210,716.2341428571428,885.6251428571429,142.0,0.9436308270335149,0.5,-0.021428571428571415,416,3.368807891108533,-0.1557506603143606,0.3392857142857143,0.12312687312687312,未払,7
267,74.542,5,25,6,0.9,36.504666666666665,36,64.08916666666667,2,37,8,0.7000000000000001,40.49633333333333,47,128.62933333333334,77.001,23.333333333333332,0.8329660422244519,0.19999999999999987,0.7999999999999999,83,1.1560283687943262,0.43001410634434695,0.5198412698412699,0.5714285714285714,未払,3
268,71.56755000000001,6,91,15,1.25,382.35400000000004,112,70.2972,7,154,4,0.2,168.35449999999997,165,965.9745,550.7085000000001,0.0,1.6107571372449219,1.05,0.7250000000000001,277,0.8210526315789474,0.5113010136195493,0.6907894736842105,0.38636363636363635,支払済,2
275,80.1464,0,45,7,0.4,201.5505,52,78.32745,2,75,0,-0.05,66.092,77,434.6295,267.6425,53.0,2.241555553155173,0.45,0.17500000000000002,129,0.6515748031496063,-0.10565748505933459,0.4375,0.0,支払済,2
277,37.9025,10,122,16,0.1,441.597,148,80.85034999999999,12,189,7,-2.55,291.15950000000004,208,1073.134,732.7565,0.5,0.7604170612849345,2.65,-1.225,356,0.4157303370786517,0.2982556073029738,0.2962962962962963,0.18421052631578946,支払済,2
278,76.23712,24,270,32,0.36,425.22299999999996,326,75.37116,25,204,26,-0.019999999999999997,303.0786,255,698.4836,728.3016,83.8,1.4536666453511455,0.38,0.17,581,2.642226865526191,-0.08658040667407,0.5415227909345557,0.41722222222222227,支払済,5
279,79.0279,9,148,24,0.25,543.6555,181,74.77005,4,357,7,0.3,248.99,368,1430.2495,792.6455000000001,0.0,1.964294163813082,-0.04999999999999999,0.275,549,0.6848895982974195,0.09488439664093207,0.5260416666666666,0.5227272727272727,支払済,2
282,72.0834,62,671,11,-0.4,2585.31,744,70.9699,40,832,12,-0.2,1307.382,884,5006.89,3892.692,0.0,1.975959620355523,-0.2,-0.30000000000000004,1628,0.4567219152854512,0.2226881980235189,0.14864864864864866,0.22641509433962265,支払済,1
283,73.5641,12,204,17,0.1,1471.182,233,76.1214,8,270,2,-0.1,452.11,280,2772.149,1923.292,0.0,3.2468539648209043,0.2,0.0,513,0.45330739299610895,0.3064591913380781,0.5666666666666667,0.18181818181818182,支払済,1
285,51.05683333333334,14,186,22,0.46666666666666673,536.3036666666667,222,75.79976666666666,9,417,6,0.0,248.62,432,786.3226666666668,784.9236666666667,11.0,1.0529125486724955,0.46666666666666673,0.23333333333333336,654,0.8352865898834781,0.18458097252440075,0.4208909370199693,0.125,未払,3
287,78.17920000000001,33,333,14,-0.375,490.87925,380,74.264825,29,454,8,0.175,250.1655,491,1034.17425,741.04475,4.25,1.4760181459616517,-0.55,-0.1,871,1.50573192488307,0.01918974636390436,0.14459930313588848,0.29166666666666663,支払済,4
294,77.0547,16,276,12,-0.1,1649.372,304,76.9095,26,325,8,-0.4,850.642,359,2380.76,2500.014,1.0,1.9366964052970614,0.30000000000000004,-0.25,663,0.4578313253012048,-0.04964983877468754,0.41379310344827586,0.22857142857142856,支払済,1
299,73.8971,4,95,12,0.4,457.146,111,67.7115,3,83,0,-0.2,91.302,86,680.84,548.448,2.0,4.952720417759095,0.6000000000000001,0.1,197,0.5606060606060606,0.1956353396691306,0.7058823529411765,0.0,支払済,1
301,70.4086,1,14,3,0.6,48.947,18,71.9138,0,16,0,0.0,30.593,16,118.87,79.54,0.0,1.5492988953249138,0.6,0.3,34,0.5142857142857142,0.33644781847000915,0.6,0.0,支払済,1
302,76.887,24,221,22,-0.1,1617.488,267,72.5084,13,282,13,0.0,436.308,308,2967.139,2053.796,0.0,3.6987386464459835,-0.1,-0.05,575,0.4635416666666667,0.3080526215248006,0.46808510638297873,0.48148148148148145,支払済,1
304,77.10223333333333,22,191,11,0.31666666666666665,208.34616666666668,224,77.72788333333334,5,309,11,0.04999999999999999,86.04883333333333,325,361.03749999999997,294.395,0.6666666666666666,1.7996739723674466,0.26666666666666666,0.18333333333333335,549,2.4654640321614916,0.12965862712140303,0.396969696969697,0.37777777777777777,支払済,6
305,60.42134444444444,15,116,11,-0.24444444444444446,95.56533333333334,142,78.54895555555555,7,133,2,-1.5222222222222221,53.79566666666667,142,151.82399999999998,149.361,57.888888888888886,1.2491701136888018,1.2777777777777777,-0.8833333333333333,284,3.1940940638309057,0.11783697445368653,0.2175925925925926,0.09259259259259259,支払済,9
306,36.65825,6,88,19,0.3,194.558,113,81.9984,4,76,2,-0.05,77.7395,82,376.845,272.2975,10.5,1.26550842661914,0.35,0.125,195,0.5794871794871795,0.2733899526116233,0.36538461538461536,0.14285714285714285,支払済,2
317,75.993,16,330,18,0.0,1615.458,364,82.5225,15,341,13,-0.1,763.984,369,2571.409,2379.442,0.0,2.1117539713248905,0.1,-0.05,733,0.49591280653950953,0.0750141210048636,0.5142857142857142,0.4482758620689655,未払,1
319,77.2917,7,129,20,0.5,969.807,156,79.7764,6,281,16,0.2,461.317,303,2021.29,1431.124,0.0,2.097710012826697,0.3,0.35,459,0.3391304347826087,0.2923250374575357,0.7142857142857143,0.6956521739130435,支払済,1
322,68.97225,1,15,9,2.1,33.6135,25,68.39984999999999,0,27,2,0.35,20.026,29,106.58,53.6395,1.0,1.6070863202410073,1.75,1.225,54,0.8901660280970626,0.5014429517975044,0.75,0.5,支払済,2
323,73.02503333333334,38,412,24,-0.06666666666666667,533.9533333333333,474,71.269,22,470,6,-0.19999999999999998,254.97633333333337,498,1063.5456666666666,788.9296666666665,0.0,2.004297327022353,0.13333333333333333,-0.13333333333333336,972,1.3411149371362172,0.3499259560243897,0.40006038647342995,0.1527777777777778,支払済,3
324,77.00183333333332,20,208,9,-0.20000000000000004,344.75666666666666,237,75.65856666666667,19,287,7,-0.26666666666666666,215.22033333333334,313,791.366,559.977,0.6666666666666666,1.7064748900864133,0.06666666666666665,-0.2333333333333333,550,1.2711894586894585,0.2802393157863167,0.3068376068376068,0.19444444444444442,支払済,3
328,79.1674,10,91,29,0.10000000000000003,492.69,130,75.3968,5,139,4,0.09999999999999999,126.684,148,1050.3195,619.3739999999999,0.0,3.8459770556896102,5.551115123125783e-17,0.10000000000000002,278,0.7984313725490196,0.1686784345927999,0.5033783783783784,0.41666666666666663,支払済,2
332,25.521433333333334,11,75,11,0.03333333333333333,194.98066666666668,97,76.2835,1,184,0,0.0,77.25133333333333,185,314.1433333333333,272.23199999999997,0.3333333333333333,0.8784337400058869,0.03333333333333333,0.016666666666666666,282,0.34519572953736655,0.16600071909516315,0.15942028985507248,0.0,未払,3
334,41.29900000000001,19,355,30,0.43333333333333335,228.0172222222222,404,74.7636,18,514,25,-0.32222222222222224,109.08677777777778,557,426.17622222222224,337.10400000000004,14.11111111111111,0.9194987878094558,0.7555555555555555,0.055555555555555546,961,2.066121368929986,0.28160284917471595,0.3392255892255892,0.23194444444444443,未払,9
335,75.486,31,413,42,0.23333333333333336,588.7743333333334,486,56.35906666666667,8,495,6,0.0,190.43566666666666,509,1110.46,779.21,0.0,2.4398728819039506,0.23333333333333336,0.11666666666666668,995,1.263870984543667,0.24685815386536739,0.4939613526570048,0.13333333333333333,支払済,3
336,74.31236666666666,28,379,13,-0.16666666666666666,490.0726666666667,420,73.81176666666666,17,394,34,0.26666666666666666,284.30466666666666,445,961.2463333333334,774.3773333333334,0.0,1.8768197065306829,-0.43333333333333335,0.04999999999999999,865,1.415891847151331,0.12873060443086862,0.34923076923076923,0.48380566801619435,支払済,3
339,71.66453333333332,0,21,10,1.8,27.130666666666666,31,63.26166666666666,0,33,4,0.6,20.328,37,89.02933333333334,47.458666666666666,0.0,1.3238471532365943,1.2,1.2000000000000002,68,1.2890406162464987,0.471422254783384,0.75,0.5555555555555555,支払済,3
340,74.9655,8,162,7,0.0,969.143,177,50.5901,4,233,1,-0.1,347.184,238,2860.07,1316.327,0.0,2.7834219837786915,0.1,-0.05,415,0.4254807692307692,0.5399179328013646,0.4375,0.16666666666666666,未払,1
341,76.15364444444444,20,443,48,0.4222222222222222,223.528,511,73.54612222222222,15,499,18,-0.07777777777777778,159.4616666666667,532,444.78700000000003,382.98966666666666,2.7777777777777777,1.2532750161772621,0.5,0.17222222222222222,1043,3.909314945394014,0.09396683671542076,0.5637860082304527,0.33201058201058203,支払済,9
346,78.72075000000001,1,21,4,0.6,38.328500000000005,26,69.93605,4,34,1,-0.2,40.6335,39,128.5145,78.96199999999999,5.0,0.9196909147026033,0.8,0.19999999999999998,65,0.780952380952381,0.36695895924456173,0.5416666666666666,0.25,支払済,2
347,74.73079999999999,12,252,27,0.85,604.8165,291,74.04315,8,369,8,0.0,311.99850000000004,385,1609.495,916.815,0.5,1.9236495297240506,0.85,0.425,676,0.8236263736263736,0.3396274606695051,0.6993243243243243,0.23529411764705882,支払済,2
349,38.046,20,214,21,0.0,721.7605,255,78.18299999999999,3,322,10,0.05,237.09,335,1548.29,958.8505,0.0,1.5316847756886378,-0.05,0.025,590,0.4322033898305085,0.29150197982903836,0.25,0.35714285714285715,支払済,2
352,74.678125,17,326,40,0.04999999999999999,311.06025,383,72.152675,21,295,14,0.04999999999999999,185.215,330,938.00175,496.27524999999997,0.0,1.9153306426653616,0.0,0.04999999999999999,713,2.0837728509933404,0.4371687046614647,0.41752136752136754,0.44246031746031744,支払済,4
353,76.3002,20,142,11,-0.1875,82.547625,173,75.3978125,14,154,3,-0.9500000000000001,38.965375,171,181.38549999999998,121.513,3.375,1.8282095636471927,0.7625,-0.56875,344,3.6751932104655722,0.2674830338182106,0.2593434343434343,0.1125,支払済,8
356,76.8113,7,135,33,0.9,547.451,175,76.8697,9,92,8,-0.1,548.049,109,948.94,1095.5,4.0,0.99708951295786,1.0,0.4,284,0.6140350877192983,-0.1532307303619176,0.8048780487804879,0.4444444444444444,未払,1
359,76.81700000000001,27,219,14,-0.4,658.5455,260,71.41495,22,243,9,-0.44999999999999996,453.148,274,1232.8045,934.734,269.0,1.4331788988667942,0.04999999999999996,-0.42500000000000004,534,0.921475625823452,0.2713343931483508,0.34464285714285714,0.24285714285714285,支払済,2
364,75.8758,73,797,59,0.7818181818181817,364.8128181818182,929,68.10249090909092,117,814,23,-0.4272727272727273,303.5060909090909,954,684.1195454545455,689.3517272727273,83.0,1.3223005195389845,1.209090909090909,0.17727272727272728,1883,4.946283552945188,-0.0433660896731751,0.4474551742199379,0.1516592820940647,未払,11
373,56.90535,30,333,51,0.3125,229.584125,414,75.54635,38,420,35,-0.275,104.50787499999998,493,578.810625,334.092,1.0,1.4004000701447328,0.5875,0.01875000000000001,907,2.629587415362317,0.4121298131596799,0.37388392857142855,0.23982646834477497,支払済,8
375,34.7357,0,8,3,0.7,16.578,11,75.2876,1,13,1,0.0,9.7935,15,44.744,26.917,189.5,0.870327593448131,0.7,0.35,26,0.4230769230769231,0.19425170246934803,0.375,0.16666666666666666,未払,2
377,79.91758,28,255,10,-0.08,314.5766,293,30.99572,15,426,8,0.07999999999999999,137.3988,449,541.8718,451.9754,1.6,2.7696682742373424,-0.15999999999999998,0.0,742,2.1948918803499495,0.3037744933848033,0.1737179487179487,0.2507936507936508,支払済,5
379,77.191,1,79,14,0.7,566.434,94,56.3206,1,119,7,0.3,178.43,127,1084.02,744.864,0.0,3.156852254361032,0.39999999999999997,0.5,221,0.42342342342342343,0.3135020552616541,0.875,0.7777777777777778,支払済,1
380,78.90065,11,203,23,0.35,851.5685000000001,237,73.136,7,410,7,0.0,279.3705,424,1235.8845000000001,1130.939,0.0,3.0098134143362607,0.35,0.175,661,0.7182805153102183,0.07905643665685907,0.6523809523809523,0.40476190476190477,支払済,2
383,74.5734,16,127,9,-0.2,942.198,152,70.4572,11,142,2,-0.3,211.394,155,2463.07,1153.592,0.0,4.436085765134608,0.09999999999999998,-0.25,307,0.4935064935064935,0.5318347287211809,0.34615384615384615,0.14285714285714285,支払済,1
385,58.052775,8,79,20,1.175,166.26425,107,70.927375,6,88,5,0.35,51.86875,99,305.087,218.133,0.5,2.019289325302445,0.8250000000000002,0.7625,206,1.2911091287540886,0.316757015876261,0.4797101449275362,0.20833333333333331,支払済,4
386,56.90535,30,333,51,0.3125,229.584125,414,75.54635,38,420,35,-0.275,104.50787499999998,493,578.810625,334.092,1.0,1.4004000701447328,0.5875,0.01875000000000001,907,2.629587415362317,0.4121298131596799,0.37388392857142855,0.23982646834477497,支払済,8
387,75.95196666666668,15,174,20,1.2,329.32766666666663,209,69.22773333333333,14,232,5,-0.16666666666666666,133.929,251,834.4856666666666,463.25666666666666,0.6666666666666666,1.7299360577574987,1.3666666666666665,0.5166666666666666,460,1.0710402999062794,0.4540212847602649,0.5613026819923371,0.0925925925925926,支払済,3
391,50.7312,0,32,5,0.7666666666666666,50.07566666666667,37,72.25706666666666,0,38,1,0.09999999999999999,25.574333333333332,39,92.50266666666666,75.64999999999999,1.6666666666666667,1.5009257755667633,0.6666666666666666,0.43333333333333335,76,0.9234693877551021,0.13760415565987608,0.47222222222222215,0.16666666666666666,支払済,3
394,70.78540000000001,13,119,4,-0.2,374.79949999999997,136,78.1653,8,188,7,0.0,131.898,203,761.004,506.6975,2.0,2.518726633750603,-0.2,-0.1,339,0.7636363636363637,0.33120142898842725,0.1111111111111111,0.21875,支払済,2
404,75.2031,25,311,29,-0.30000000000000004,656.0253333333334,365,61.207433333333334,30,377,21,-0.26666666666666666,360.416,428,1174.2723333333333,1015.2520000000001,146.66666666666666,1.9056621155219862,-0.03333333333333335,-0.2833333333333334,793,1.386966296087813,0.09109576396467416,0.3941520467836257,0.33217592592592593,未払,3
408,78.1449,1,5,4,1.8,44.529,10,73.247,1,9,1,0.0,15.491,11,64.319,60.02,5.0,2.700200109150446,1.8,0.9,21,0.45454545454545453,0.08112494067576048,0.6666666666666666,0.3333333333333333,支払済,1
409,77.8334,6,102,11,0.2,537.457,119,73.3186,4,125,0,-0.2,270.295,129,1194.719,807.752,4.0,1.9810796365579901,0.4,0.0,248,0.4779116465863454,0.3244633563571375,0.6111111111111112,0.0,支払済,1
412,71.3318,7,98,7,0.0,541.749,112,49.3898,3,100,0,-0.1,217.634,103,938.969,759.383,3.0,2.477880841955048,0.1,-0.05,215,0.5185185185185185,0.19211910180016578,0.4666666666666667,0.0,未払,1
416,74.5591,31,274,28,0.2,683.288,333,70.99080000000001,21,444,7,-0.2,473.06,472,1758.77,1156.3480000000002,15.0,1.1952997418140614,0.4,0.0,805,0.8492631578947368,0.37310374484584496,0.5232142857142857,0.125,支払済,2
424,73.3078,24,169,21,0.0,984.956,214,68.7221,10,118,4,-0.2,238.253,132,2756.699,1223.209,4.0,4.116796863571199,0.2,-0.1,346,0.6167146974063401,0.5564385380710513,0.45652173913043476,0.26666666666666666,支払済,1
436,76.93465,12,247,21,0.15000000000000002,692.9375,280,74.21074999999999,20,386,6,-0.15000000000000002,380.5785,412,1552.558,1073.516,0.0,1.9871062990342703,0.30000000000000004,0.0,692,0.8146880319739471,0.2922317997597774,0.54,0.24561403508771928,未払,2
437,78.7146,15,273,39,0.4,1687.685,327,74.2358,14,478,21,0.1,1445.465,513,3726.729,3133.15,0.0,1.1667651827040406,0.30000000000000004,0.25,840,0.38882282996432815,0.15950166978339886,0.7090909090909091,0.5833333333333334,支払済,1
438,76.28030000000001,0,4,2,1.25,20.766,6,74.46875,0,16,2,0.55,13.3355,18,51.225,34.1015,0.0,1.6706758446544892,0.7,0.9,24,0.4484848484848485,0.19393881742394958,0.3333333333333333,0.5,支払済,2
443,56.15452500000001,8,120,14,0.22499999999999998,166.9945,142,77.593925,2,168,4,0.15,97.615,174,387.857,264.6095,0.0,1.2048723470758063,0.075,0.1875,316,1.3230220492866407,0.25145165438867956,0.3970588235294118,0.26666666666666666,未払,4
444,78.63925,28,300,80,0.6666666666666666,487.6875,408,64.2107,27,698,28,-0.7666666666666667,205.0471666666667,753,759.6061666666666,692.7346666666667,0.5,1.8856649070034848,1.4333333333333333,-0.04999999999999999,1161,2.514421397255355,0.17037172855306473,0.5377094356261023,0.37124218374218376,支払済,6
445,34.72685,1,11,3,0.175,7.00225,15,81.3848,2,9,1,-2.35,7.6765,12,22.507250000000003,14.678749999999999,7.75,0.49758297432424897,2.525,-1.0875,27,0.9166666666666666,0.28618926971889835,0.15,0.125,支払済,4
450,78.3121,22,207,15,-0.4,619.285,244,54.661950000000004,16,241,7,-0.35,220.6135,264,1762.27,839.8985,0.0,2.7694990620534967,-0.04999999999999999,-0.375,508,0.8816326530612245,0.29042018946168274,0.325,0.15217391304347827,支払済,2
457,78.9416,7,77,8,0.1,262.132,92,73.0683,5,81,4,-0.1,289.607,90,549.52,551.739,1.0,0.9020154366550014,0.2,0.0,182,0.5027322404371585,-0.0022142701445906354,0.5,0.4,支払済,1
461,76.417,15,33,1,-1.6,678.232,49,69.8299,5,43,2,-0.4,291.325,50,842.03,969.557,183.0,2.3201299923030874,-1.2000000000000002,-1.0,99,0.49,-0.1500859993120056,0.058823529411764705,0.25,未払,1
462,71.3318,7,98,7,0.0,541.749,112,49.3898,3,100,0,-0.1,217.634,103,938.969,759.383,3.0,2.477880841955048,0.1,-0.05,215,0.5185185185185185,0.19211910180016578,0.4666666666666667,0.0,未払,1
463,76.5648,26,245,18,-0.2,1362.792,289,72.6686,20,386,4,-0.2,727.27,410,2864.449,2090.062,3.0,1.8712730168756093,0.0,-0.2,699,0.41285714285714287,0.270598778760327,0.4,0.16,支払済,1
471,24.942166666666665,1,1,0,-0.8333333333333334,5.126666666666667,2,85.2548,1,3,0,-0.8333333333333334,4.606,4,10.619666666666667,9.732666666666667,2.3333333333333335,0.610390125808628,0.0,-0.8333333333333334,6,0.4,0.21378937856236202,0.0,0.0,未払,3
472,84.5503,1,10,0,-0.5,42.729,11,83.1405,3,9,0,-1.3,15.813,12,64.36,58.542,3.0,2.5414262772854337,0.8,-0.9,23,0.4583333333333333,0.10431456548347606,0.0,0.0,未払,1
477,44.829925,0,3,4,1.1,4.531000000000001,7,79.52805,0,10,0,0.0,5.154,10,14.896999999999998,9.685,13.0,0.4505054988982575,1.1,0.55,17,1.0512820512820513,0.3732502821239181,0.2,0.0,支払済,4
478,55.226775,1,53,20,1.05,178.35275,74,76.136775,2,130,11,0.2,40.89975,143,280.86475,219.2525,0.0,1.666514518163058,0.85,0.625,217,1.005050505050505,0.14130500759990794,0.4111842105263158,0.3173076923076923,未払,4
479,80.1635,10,138,3,-0.25,715.634,151,71.37545,5,177,3,-0.15,296.0535,185,1124.824,1011.6875,66.0,2.691557530717567,-0.10000000000000002,-0.2,336,0.9188787751837605,0.09630931020979921,0.11538461538461539,0.25,支払済,2
483,76.57086666666667,11,232,17,0.16666666666666666,454.82,260,66.40053333333333,17,332,19,-0.43333333333333335,260.9363333333333,368,1147.569,715.7563333333334,3.3333333333333335,1.827592713949387,0.6,-0.13333333333333333,628,1.1573829626540113,0.2853031399408615,0.4920634920634921,0.35555555555555557,支払済,3
484,73.68976666666667,59,811,64,0.15,1021.145,934,67.14741666666667,34,855,14,-0.15,196.69966666666667,903,1378.1393333333333,1217.8446666666666,3.6666666666666665,5.5540054145966655,0.30000000000000004,-1.3877787807814457e-17,1837,3.0545882895889043,0.13278392397066244,0.5210678210678211,0.19739057239057237,未払,6
486,51.3937,0,14,4,0.7000000000000001,23.701666666666668,18,77.70819999999999,3,13,2,-3.233333333333333,18.201666666666668,18,52.98266666666667,41.903333333333336,1.0,1.2151207879008574,3.9333333333333336,-1.2666666666666666,36,1.118279569892473,0.1597433335978906,0.26666666666666666,0.16666666666666666,支払済,3
487,72.5206,15,109,5,-0.4,412.697,129,63.3474,6,100,4,-0.1,333.747,110,1358.03,746.444,40.0,1.2328624304325355,-0.30000000000000004,-0.25,239,0.5375,0.4507523748555956,0.23809523809523808,0.36363636363636365,支払済,1
494,82.1531,0,0,1,5.0,15.591,1,87.5346,1,1,0,-2.5,7.349,2,24.95,22.94,4.0,1.8674092705713259,7.5,1.25,3,0.25,0.11599229287090551,0.5,0.0,支払済,1
517,25.91593333333333,5,71,9,0.09999999999999999,98.21466666666667,85,82.04336666666667,4,78,6,0.03333333333333333,102.88966666666666,88,189.90599999999998,201.10433333333333,4.0,0.3238735916460566,0.06666666666666667,0.06666666666666667,173,0.4941860465116279,0.13913986163024716,0.19999999999999998,0.1818181818181818,支払済,3
524,75.8758,73,797,59,0.7818181818181817,364.8128181818182,929,68.10249090909092,117,814,23,-0.4272727272727273,303.5060909090909,954,684.1195454545455,689.3517272727273,83.0,1.3223005195389845,1.209090909090909,0.17727272727272728,1883,4.946283552945188,-0.0433660896731751,0.4474551742199379,0.1516592820940647,未払,11
525,74.3055,36,395,30,-0.1,2968.444,461,78.4158,22,649,23,0.0,846.219,694,4551.87,3814.663,0.0,3.5037505060674983,-0.1,-0.05,1155,0.39878892733564014,0.1621410231348578,0.44776119402985076,0.5,支払済,1
526,79.08788,42,529,66,0.4,804.4404,637,68.02459999999999,24,864,18,-0.28,294.764,906,1359.6979999999999,1099.2044,0.8,2.4060110280658344,0.6799999999999999,0.059999999999999984,1543,2.2347963731010805,0.27772793583429256,0.4989088104877578,0.32114356232003294,支払済,5
529,77.38366666666667,13,237,38,0.5666666666666667,777.7376666666665,288,79.7595,11,341,14,-0.30000000000000004,190.92433333333335,366,1203.5363333333332,968.6619999999999,23.333333333333332,3.2520843492564038,0.8666666666666668,0.1333333333333333,654,1.3766820994331703,0.14254076513823366,0.6373836891078271,0.37142857142857144,支払済,3
530,73.0034,9,177,20,0.3,1937.009,206,77.1962,5,241,7,0.1,403.304,253,2610.6,2340.313,0.0,4.790971645098738,0.19999999999999998,0.2,459,0.44782608695652176,0.1038776994945626,0.6666666666666666,0.5384615384615384,支払済,1
532,76.0166,5,36,1,-0.5,167.379,42,76.6586,2,40,0,-0.2,106.773,42,333.94,274.152,1.0,1.5530698783554322,-0.3,-0.35,84,0.49411764705882355,0.18148922195020012,0.14285714285714285,0.0,未払,1
533,80.1987,8,79,25,0.9,1084.412,112,72.5688,4,220,2,0.0,262.993,226,1703.579,1347.405,0.0,4.1077301292079715,0.9,0.45,338,0.3303834808259587,0.2095379562930202,0.7352941176470589,0.2857142857142857,支払済,1
535,49.574466666666666,12,78,10,-0.03333333333333333,329.23699999999997,100,78.34716666666667,2,213,11,0.06666666666666667,78.45299999999999,226,567.9226666666667,407.69,0.0,1.5380848156035813,-0.10000000000000002,0.016666666666666666,326,0.6388888888888888,0.20897691344118766,0.14492753623188406,0.2619047619047619,支払済,3
536,69.92830000000001,29,472,38,0.1,1654.258,539,77.6531,30,546,14,-0.1,576.6865,590,2689.4094999999998,2230.9445,44.5,3.056530423498214,0.2,0.0,1129,0.9508178100863245,0.20682216030455014,0.5635964912280702,0.375,支払済,2
538,37.58525,13,242,34,0.2,791.461,289,67.4624,8,266,11,-1.2,290.9965,285,1286.8045,1082.4575,4.0,1.3706779951612595,1.4,-0.5,574,0.5043630017452007,0.2296349380191176,0.3541666666666667,0.2894736842105263,支払済,2
539,0.0,0,0,0,0.0,0.0,0,83.48,0,1,0,0.0,2.039,1,2.039,2.039,1.0,0.0,0.0,0.0,1,0.0,0.32905561039815723,0.0,0.0,未払,1
547,78.79432,29,149,21,0.3,252.69340000000003,199,69.77656,14,271,11,-0.24,81.9452,296,422.5076,334.63860000000005,0.0,2.3281358566651607,0.5399999999999999,0.02999999999999997,495,1.7390599343185549,0.24700141709697174,0.3837202797202797,0.2966666666666667,未払,5
548,77.00399999999999,20,101,4,-0.4,296.3355,125,73.59819999999999,7,114,2,-0.3,106.79299999999999,123,562.3595,403.1285,12.5,2.520805392257906,-0.10000000000000003,-0.35000000000000003,248,0.9611414693381906,0.2562267334535552,0.29545454545454547,0.14285714285714285,支払済,2
550,78.6696,7,104,26,1.0,874.941,137,74.7046,4,153,4,0.0,238.279,161,2162.54,1113.22,0.0,3.656572453077788,1.0,0.5,298,0.45819397993311034,0.4854636382964955,0.7647058823529411,0.4444444444444444,支払済,1
551,56.89739999999999,15,113,14,0.6,143.679,142,76.55598,8,168,3,-0.82,52.479200000000006,179,328.7212,196.15820000000002,1.4,1.1857575708669823,1.4200000000000002,-0.11000000000000003,321,1.6078611243828635,0.3871771439836252,0.36,0.2,支払済,5
553,77.3436,13,178,33,0.7,1350.266,224,69.709,7,263,2,-0.1,401.456,272,2925.03,1751.722,0.0,3.3550649015047607,0.7999999999999999,0.3,496,0.4507042253521127,0.4013314969429569,0.7021276595744681,0.2,支払済,1
555,71.4610888888889,89,1015,58,-0.2611111111111111,354.5863888888889,1162,79.34130555555555,125,1259,32,-0.4166666666666667,208.10816666666668,1416,615.9746111111111,544.6268333333333,49.55555555555556,1.5589472211324926,0.15555555555555556,-0.3388888888888889,2578,7.345044835722244,0.06339395502360128,0.2537879757637822,0.18351722083606142,支払済,18
556,73.78365,0,14,7,1.85,54.4135,21,71.08985,2,31,1,0.0,27.4375,34,127.29950000000001,81.851,1.0,1.7544307166202033,1.8499999999999999,0.925,55,0.7777777777777777,0.39359423275583216,0.775,0.25,支払済,2
560,49.459833333333336,34,370,22,-0.033333333333333326,653.9003333333334,426,70.44723333333333,20,275,8,-0.13333333333333333,186.19866666666667,303,2098.902666666667,840.099,3.3333333333333335,2.8573879169340066,0.10000000000000002,-0.08333333333333333,729,1.1854395604395604,0.545882966735208,0.27412008281573497,0.17307692307692304,支払済,3
561,77.8095,23,415,39,1.7,1106.9154999999998,477,69.3715,28,558,24,0.75,709.891,610,2270.1045,1816.8065,0.0,1.5297133770589104,0.95,1.2249999999999999,1087,0.8501975417032485,0.4385161489898923,0.6966101694915254,0.5490196078431373,未払,2
562,75.8823,12,254,17,0.1,1448.53,283,68.5649,5,233,3,0.0,308.794,241,2689.36,1757.324,0.0,4.67578455360659,0.1,0.05,524,0.539047619047619,0.3468071187499071,0.5666666666666667,0.3333333333333333,支払済,1
564,78.528125,42,455,47,-6.938893903907228e-18,825.93225,544,74.832475,21,621,8,-0.125,425.91225,650,1466.8475,1251.8445,1.0,1.9424941661441695,0.12499999999999997,-0.0625,1194,1.815515434163692,0.13161806292539935,0.47432306255835666,0.30307192807192807,支払済,4
567,74.8926,29,435,23,-0.025,819.8235,487,74.3973,23,479,16,-0.075,208.034,518,1053.3215,1027.8575,1.25,3.6667316463915727,0.049999999999999996,-0.05,1005,1.8599530849760553,-0.008138666181795817,0.4461627140974967,0.31875,支払済,4
570,76.48233333333333,18,127,7,-0.39999999999999997,322.48066666666665,152,54.4284,5,162,5,-0.13333333333333333,93.60166666666667,172,620.7493333333333,416.08233333333334,3.6666666666666665,2.8056263120530063,-0.26666666666666666,-0.26666666666666666,324,1.3277327935222671,0.3176707012720376,0.2740740740740741,0.1851851851851852,未払,3
571,45.0071,36,405,33,-0.039999999999999994,476.5494,474,78.39202,35,499,16,-0.07999999999999999,212.77040000000002,550,939.3554,689.3198,0.0,1.361276655525009,0.04000000000000001,-0.06,1024,1.4201960201960202,0.19983023431970842,0.23969635627530367,0.19764464925755248,支払済,5
572,76.0284,31,371,20,-0.2,1453.9144999999999,422,74.576,14,392,10,-0.1,332.844,416,2303.6945,1786.7585000000001,0.0,4.070602790246372,-0.09999999999999999,-0.15,838,0.9649511069001846,0.18011598072551638,0.35317460317460314,0.3464052287581699,支払済,2
573,44.493114285714285,61,210,41,-0.15714285714285717,525.6487142857143,312,78.31778571428572,22,283,12,-0.1285714285714286,180.038,317,864.2737142857143,701.1884285714285,266.2857142857143,1.827511244096575,-0.028571428571428564,-0.14285714285714285,629,1.8136753125588667,0.3727058229386434,0.15571878869751213,0.09065934065934066,支払済,7
575,47.07172,20,304,35,0.14,355.8584,359,77.3399,8,348,7,0.0,120.7148,363,565.1156000000001,476.5732,10.8,1.8438668967723637,0.13999999999999999,0.07,722,1.535784263909615,0.20726812881485007,0.31621978021978026,0.2333333333333333,支払済,5
579,71.2419,6,175,12,0.2,1376.27,193,78.203,14,247,10,-0.1,433.297,271,2240.689,1809.567,0.0,3.168960411884033,0.30000000000000004,0.05,464,0.4150537634408602,0.1927662579421141,0.631578947368421,0.4,未払,1
583,73.7101,50,296,31,-0.5,1681.784,377,69.4433,8,263,7,0.0,418.529,278,3151.739,2100.313,0.0,4.008743138138246,-0.5,-0.25,655,0.5746951219512195,0.3338132335090218,0.3780487804878049,0.4375,支払済,1
585,36.9044,39,224,21,-0.2,783.072,284,69.26695000000001,5,183,2,-0.05,97.26150000000001,190,1506.6745,880.3335,20.0,4.0484528887165565,-0.15000000000000002,-0.125,474,0.5991561181434599,0.3901025771703422,0.1721311475409836,0.125,支払済,2
586,66.1152,0,14,2,0.6,38.083,16,71.5736,0,13,1,0.4,31.044,14,109.29,69.127,0.0,1.1884596180252154,0.19999999999999996,0.5,30,0.5161290322580645,0.37322513373832633,0.6666666666666666,0.5,未払,1
587,54.20124285714286,50,760,40,0.2714285714285714,522.9042857142857,850,71.06591428571429,69,802,36,-0.07142857142857142,409.9164285714286,907,995.0437142857144,932.8207142857143,1.7142857142857142,0.901544363701022,0.34285714285714286,0.09999999999999999,1757,2.4514135259753047,0.1877976976713421,0.36508182677537515,0.15894660894660895,支払済,7
593,78.18915,13,169,11,-0.05,1149.3815,193,72.57749999999999,12,178,7,-0.25,632.696,197,2007.6795,1782.0774999999999,55.0,2.4894595014623526,0.2,-0.15000000000000002,390,0.9203446826397645,0.052493200925807115,0.38405797101449274,0.18421052631578946,支払済,2
594,71.7183,0,2,0,0.0,3.86,2,84.534,1,0,0,-5.0,9.96,1,9.96,13.82,2.0,0.3521897810218978,5.0,-2.5,3,0.5,-0.26094890510948887,0.0,0.0,支払済,1
595,78.5637,11,112,17,0.2,727.215,140,75.6452,5,174,4,0.0,304.482,183,1404.41,1031.697,2.0,2.3805494268074714,0.2,0.1,323,0.43209876543209874,0.2659103037547763,0.5862068965517241,0.4,支払済,1
596,71.9761,18,204,19,0.1,847.531,241,75.4747,5,154,2,-0.1,298.833,161,1595.949,1146.364,2.0,2.826676850113229,0.2,0.0,402,0.598014888337469,0.2821536567542232,0.5,0.25,支払済,1
613,79.54605000000001,0,2,2,3.35,17.049500000000002,4,83.9297,2,0,0,-5.0,13.969000000000001,2,30.274,31.0185,5.5,1.1381893550730848,8.35,-0.825,6,0.9333333333333333,0.0077602148250087155,0.5,0.0,支払済,2
615,78.4164,6,34,1,-0.6,492.229,41,68.7636,4,35,3,-0.2,270.874,42,763.103,661.289,284.0,1.8105041305899054,-0.39999999999999997,-0.4,83,0.4880952380952381,0.1345551581396749,0.125,0.375,支払済,1
617,39.76195,8,151,24,0.25,687.318,183,75.05275,12,130,10,0.05,158.65400000000002,152,1010.699,845.972,8.0,2.177199712375154,0.2,0.15,335,0.5462686567164179,0.23707124948258795,0.36363636363636365,0.21739130434782608,支払済,2
625,0.0,0,1,0,0.0,0.279,1,84.32835,1,1,0,-2.5,5.6005,2,5.8195,5.8795,6.0,0.09058441558441559,2.5,-1.25,3,0.3333333333333333,0.15912771468758774,0.0,0.0,支払済,2
630,74.86525,9,252,41,1.25,894.195,302,69.6062,16,291,10,0.15000000000000002,295.84299999999996,317,1258.73,1190.038,7.0,2.3123552485865217,1.1,0.7,619,0.825,0.18625385717363618,0.7312925170068028,0.4230769230769231,支払済,2
633,73.26895,4,73,11,0.25,265.3645,88,82.22104999999999,12,95,1,-1.5,110.9195,108,560.1495,376.28400000000005,51.0,1.4586825436553779,1.75,-0.625,196,0.8455958549222797,0.07254208124677419,0.34375,0.038461538461538464,支払済,2
634,70.4627,5,23,3,-0.3,354.649,31,72.8632,2,26,3,0.5,307.459,31,662.108,568.93,522.0,1.1497443744549518,-0.8,0.1,62,0.49206349206349204,0.14202513014471252,0.3333333333333333,0.5,支払済,1
643,38.47135,20,302,25,0.05,753.1995,347,81.79995,13,385,20,0.05,561.3915,418,1314.1245000000001,1314.5910000000001,16.0,0.6713468749637898,0.0,0.05,765,0.45359477124183006,0.17483792512594876,0.2717391304347826,0.29411764705882354,支払済,2
659,66.09594999999999,26,386,20,0.62,215.1415,432,76.36864,14,451,9,-0.25,75.6491,474,451.0965,290.7906,35.2,1.9005034611378477,0.8699999999999999,0.18499999999999997,906,3.7533382306674232,0.34269785962447763,0.403,0.2106060606060606,未払,10
660,78.4243,6,111,23,0.39999999999999997,405.0916666666667,140,74.00686666666667,9,297,8,-0.13333333333333333,164.21400000000003,314,734.5590000000001,569.3056666666666,0.0,1.9500621140048784,0.5333333333333333,0.13333333333333333,454,1.0216678058783322,0.18157319295146843,0.5065217391304347,0.41005291005291006,支払済,3
662,78.58425,41,298,23,-0.4,1150.095,362,73.75145,6,440,6,0.0,361.16200000000003,452,2340.5145,1511.257,7.0,3.211135320687503,-0.4,-0.2,814,0.8814465313080271,0.34279537465709625,0.35,0.25,未払,2
665,74.7805,12,261,25,0.2,1999.978,298,67.3383,9,328,4,-0.1,350.634,341,3531.479,2350.612,0.0,5.687669565514143,0.30000000000000004,0.05,639,0.465625,0.33457155725483434,0.6578947368421053,0.2857142857142857,未払,1
666,34.64875,0,1,0,0.0,1.6445,1,85.20085,0,2,0,0.0,3.2190000000000003,2,3.2190000000000003,4.8635,1.0,0.3591395501201135,0.0,0.0,3,0.3333333333333333,-0.12037815752604031,0.0,0.0,支払済,2
668,51.17080000000001,6,70,5,-0.16666666666666666,179.25566666666668,81,73.51056666666666,6,84,3,-0.16666666666666666,47.70366666666667,93,230.20000000000002,226.95933333333332,4.666666666666667,2.447760322572256,3.700743415417188e-17,-0.16666666666666666,174,0.8969816272965879,0.10312579473455423,0.16666666666666666,0.17777777777777778,支払済,3
672,76.20554285714286,54,229,50,-0.10000000000000002,625.905,333,66.23388571428572,41,308,19,-1.1,263.8194285714286,368,897.5098571428572,847.960142857143,345.7142857142857,1.6439370120965324,1.0,-0.6,701,3.109719894951934,0.10384769307188828,0.36780045351473917,0.1656213704994193,支払済,7
673,75.94235,8,45,2,-0.15,176.33474999999999,55,65.768325,11,49,1,-0.575,142.40825,61,318.743,305.1895,319.75,1.1464491495002094,0.425,-0.36250000000000004,116,1.6480313687444417,-0.29411221901626483,0.15625,0.125,支払済,4
681,0.0,0,0,0,0.0,0.0,0,84.44585000000001,0,2,0,0.0,3.1295,2,3.1295,3.1295,14.0,0.0,0.0,0.0,2,0.0,0.25236753072778656,0.0,0.0,支払済,2
682,78.87445,5,90,10,0.325,128.161,105,60.52935,7,150,1,-0.175,87.32325,158,205.80474999999998,215.48425,13.75,2.218802164769729,0.5,0.07499999999999998,263,1.8052474966937464,0.08480801101681401,0.30952380952380953,0.0625,支払済,4
690,78.74119999999999,8,118,22,0.4,447.31100000000004,148,66.71355,4,109,14,0.25,75.4645,127,822.6840000000001,522.7755,1.0,4.228521372912146,0.15000000000000002,0.325,275,0.806420233463035,0.44379929285475744,0.5287356321839081,0.5490196078431372,支払済,2
692,45.1153,3,20,6,0.5333333333333333,32.00133333333333,29,77.53353333333332,0,30,2,0.2333333333333333,20.82766666666667,32,88.20633333333335,52.82900000000001,0.0,1.0319519793901495,0.3000000000000001,0.38333333333333336,61,0.9090909090909092,0.3642260991095849,0.37777777777777777,0.3333333333333333,支払済,3
695,80.448175,14,144,11,0.7,262.8565,169,57.0719,16,144,9,0.075,54.004749999999994,169,442.99225,317.45399999999995,164.25,3.0265469482723315,0.625,0.38749999999999996,338,1.4925691244239632,-0.20177903726888516,0.34375,0.27976190476190477,支払済,4
696,46.2269,17,127,10,-0.09999999999999999,519.4223333333333,154,76.59973333333333,9,276,10,0.0,132.02966666666666,295,936.273,651.4520000000001,0.6666666666666666,1.4915057819131823,-0.09999999999999999,-0.049999999999999996,449,0.6756152125279642,0.2135557247324307,0.11904761904761905,0.16666666666666666,支払済,3
698,77.98165,32,349,42,-0.06000000000000001,280.868,423,51.14547,22,584,16,0.030000000000000006,79.14930000000001,622,599.3775,360.0173,1.7,2.7535154970969473,-0.09000000000000001,-0.015000000000000008,1045,3.714850366519732,0.11752191187415453,0.3466666666666667,0.30166666666666664,支払済,10
701,79.5319,45,453,34,-0.1,2384.493,532,68.6866,15,550,6,-0.1,859.027,571,4139.77,3243.52,0.0,2.772579232977569,0.0,-0.1,1103,0.48188405797101447,0.21668675149790995,0.425,0.2727272727272727,未払,1
706,77.648,21,174,39,0.5,1452.467,234,48.4034,5,336,6,0.0,473.818,347,2904.33,1926.285,0.0,3.0589973421395147,0.5,0.25,581,0.4020618556701031,0.3369823737750961,0.639344262295082,0.5,支払済,1
707,75.2128,20,154,31,0.44999999999999996,666.1460000000001,205,51.17675,7,230,3,-0.05,120.6305,240,1621.405,786.7764999999999,0.0,4.231770270847105,0.5,0.19999999999999998,445,0.8,0.49355346684401646,0.5441176470588236,0.2777777777777778,支払済,2
710,12.9167,0,6,4,0.54,4.9166,10,80.61030000000001,0,14,0,0.0,8.2476,14,17.6498,13.1642,11.6,0.15780588008730262,0.54,0.27,24,0.47619047619047616,0.2907000879319058,0.16,0.0,支払済,5
711,76.02656666666667,5,171,37,1.4000000000000001,660.581,213,69.61186666666667,17,328,13,-1.7,176.167,358,1066.933,836.748,0.0,2.1655832786381675,3.1,-0.14999999999999997,571,1.426179345516362,0.12120837632885288,0.7140350877192981,0.14444444444444446,支払済,3
713,76.8286,6,86,5,-0.1,984.819,97,48.6478,8,147,4,-0.2,167.417,159,1542.63,1152.236,0.0,5.8475035180534025,0.1,-0.15000000000000002,256,0.377431906614786,0.25355428438162,0.4166666666666667,0.3076923076923077,支払済,1
716,39.0977,25,222,14,-0.1,1320.073,261,81.0058,10,517,9,0.0,401.588,536,1949.6845,1721.661,0.0,1.6458182942535444,-0.1,-0.05,797,0.32747804265997493,0.21996414175410284,0.175,0.225,支払済,2
717,78.63346666666666,21,317,27,0.13333333333333333,905.4803333333333,365,67.52883333333334,11,401,6,-0.13333333333333333,196.851,418,1309.8826666666666,1102.3313333333333,0.0,4.631369626412514,0.26666666666666666,0.0,783,1.4394316245823315,0.15306897073528583,0.5033613445378151,0.29365079365079366,支払済,3
720,78.01702,6,163,40,0.9600000000000002,336.6896,209,69.17574,17,197,11,-0.24,85.97080000000001,225,446.691,422.66040000000004,1.6,3.316834211025596,1.2,0.36,434,2.315731966428323,0.12563552478177115,0.7093487394957984,0.3,支払済,5
724,79.93988,28,730,86,0.12,638.7444,844,79.43292,104,774,28,-1.6600000000000001,539.4302,906,1381.385,1176.075,189.8,1.6462071988779292,1.78,-0.77,1750,2.306914430207603,0.0976041088198272,0.25,0.04516129032258064,未払,5
725,54.139375,6,90,11,0.95,183.1625,107,65.41645,5,125,1,-0.1,40.76325,131,393.842,223.92575,0.0,2.5940808394606165,1.05,0.425,238,1.2640047590378716,0.43062009970870874,0.4375,0.0625,支払済,4
727,74.19525,5,54,5,0.4,275.893,64,64.0281,6,121,3,-0.1,74.004,130,676.675,349.897,0.0,2.8281487715475344,0.5,0.15,194,0.7499415204678362,0.4003534696691711,0.44285714285714284,0.29166666666666663,未払,2
728,78.8625,14,101,13,-0.04999999999999999,428.685,128,72.7471,7,179,2,-0.15,145.6055,188,805.77,574.2905000000001,0.0,3.252276335386778,0.1,-0.09999999999999999,316,0.8058056073283896,0.26003378014559675,0.45,0.1,支払済,2
732,41.6184,46,516,57,-0.08333333333333333,295.8979166666666,619,75.08356666666667,35,571,10,-0.9249999999999999,69.10075,616,554.6269166666667,364.9986666666667,36.083333333333336,1.5679839241691844,0.8416666666666668,-0.5041666666666667,1235,3.31882941342514,0.34945135848346737,0.23697089947089944,0.06712962962962964,未払,12
735,73.1193,28,461,33,0.0,3076.841,522,71.3014,24,658,2,-0.2,1073.724,684,4409.339,4150.565,0.0,2.862912710612213,0.2,-0.1,1206,0.43247721623860813,0.05890114115944378,0.532258064516129,0.07407407407407407,支払済,1
736,78.7252,13,320,46,0.6,2604.878,379,78.3952,21,390,3,-0.3,644.788,414,4212.64,3249.666,0.0,4.033642619559361,0.8999999999999999,0.15,793,0.47732997481108314,0.22877464614917276,0.7666666666666667,0.12,支払済,1
738,78.4062,10,238,42,0.75,1217.661,290,72.56655,7,471,8,0.05,268.502,486,2381.099,1486.163,0.5,4.539385568095081,0.7,0.4,776,0.7451484419453092,0.34576144086361393,0.776551724137931,0.43939393939393934,支払済,2
739,76.85810000000001,44,376,21,-0.425,569.2365,441,74.69395,21,478,15,-0.1,320.6485,514,1363.93925,889.885,0.5,1.6331997712945905,-0.32499999999999996,-0.2625,955,1.7765286730046805,0.3045953264795217,0.23896103896103896,0.2211111111111111,支払済,4
742,27.550449999999998,22,436,19,0.3,309.549625,477,81.48101249999999,41,435,23,-0.07500000000000001,137.25475,499,492.708375,446.80437500000005,1.125,0.41547309163015766,0.375,0.1125,976,1.201469552974305,0.30984699723504694,0.14503205128205127,0.044921875,支払済,8
743,51.3769,22,195,29,1.2333333333333332,227.42966666666666,246,79.33388333333333,23,294,12,-2.3,140.44283333333334,329,608.3345,367.8725,0.5,0.6809451259359302,3.533333333333333,-0.5333333333333333,575,1.511121267519805,0.24505559949970102,0.3017730496453901,0.17500000000000002,支払済,6
745,37.75285,1,7,1,0.0,17.5255,9,75.1406,1,12,1,0.0,13.194500000000001,14,43.6345,30.720000000000002,23.0,0.6779690522243714,0.0,0.0,23,0.391304347826087,0.3515975888556369,0.16666666666666666,0.16666666666666666,未払,2
748,38.3228,11,101,20,0.0,108.4115,132,75.31275000000001,8,179,21,0.25,62.5685,208,259.95933333333335,170.98,50.333333333333336,1.1160509838410049,-0.25,0.125,340,1.084606601374894,0.2711048345955284,0.10752688172043011,0.30777777777777776,支払済,6
749,51.185233333333336,3,27,6,0.9,53.446333333333335,36,72.14216666666665,2,47,3,0.03333333333333333,22.814000000000004,52,140.86266666666666,76.26033333333334,1.0,1.4593564962111936,0.8666666666666667,0.4666666666666666,88,0.772068511198946,0.43423463536129403,0.37777777777777777,0.27777777777777773,支払済,3
752,37.01504,3,32,5,0.62,68.7244,40,69.15674,5,35,1,-1.9599999999999997,65.01759999999999,41,132.6028,136.717,253.0,0.679899182613082,2.58,-0.67,81,1.411111111111111,0.18320247551003915,0.3,0.1,支払済,5
759,76.1021,10,123,16,0.1,797.424,149,69.2627,6,189,3,-0.1,266.601,198,1322.28,1064.025,1.0,2.979899178254192,0.2,0.0,347,0.4281609195402299,0.19591847530379047,0.5925925925925926,0.3,未払,1
760,76.9893,0,8,1,0.6,22.712,9,47.3831,0,8,2,1.0,13.398,10,87.889,36.11,0.0,1.5774413112932353,-0.4,0.8,19,0.45,0.5937630077962402,0.5,0.6666666666666666,支払済,1
761,38.772,18,186,6,-0.2,601.1995,210,80.2784,13,269,1,-0.1,243.28349999999998,283,1440.7945,844.483,1.0,1.2401798386032081,-0.1,-0.15000000000000002,493,0.4259634888438134,0.33885490914622707,0.12,0.03333333333333333,支払済,2
762,76.85810000000001,44,376,21,-0.425,569.2365,441,74.69395,21,478,15,-0.1,320.6485,514,1363.93925,889.885,0.5,1.6331997712945905,-0.32499999999999996,-0.2625,955,1.7765286730046805,0.3045953264795217,0.23896103896103896,0.2211111111111111,支払済,4
763,65.31175,36,411,53,0.6,254.95387499999998,500,64.329325,24,448,30,-0.07500000000000001,115.10862499999999,502,467.66075,370.0625,83.0,1.7304004671062971,0.6749999999999999,0.2625,1002,3.0716095212993526,0.29695694777150394,0.3862856506238859,0.3527313266443701,支払済,8
766,23.816599999999998,43,438,16,-0.09999999999999999,882.7753333333334,497,82.24133333333333,19,621,11,-2.5,503.01666666666665,651,1541.6496666666665,1385.7920000000001,0.0,0.5873453307358478,2.4,-1.3,1148,0.4336823734729494,0.2161355343207223,0.08888888888888889,0.1264367816091954,支払済,3
769,71.91245,49,453,23,-0.25,1205.425,525,68.72455,7,410,7,0.0,270.649,424,2830.4645,1476.074,0.0,4.435688906030219,-0.25,-0.125,949,1.1049481691401297,0.4812754793687385,0.32911877394636013,0.4375,支払済,2
771,71.38,26,377,28,0.0,2469.877,431,73.883,15,451,5,-0.1,864.582,471,3853.82,3334.459,0.0,2.853429253380962,0.1,-0.05,902,0.47729789590254706,0.13498970120524445,0.509090909090909,0.23809523809523808,支払済,1
775,58.303020000000004,21,214,33,-0.22000000000000003,237.24500000000003,268,72.08207999999999,4,284,10,0.04,116.0382,298,492.9016,353.28319999999997,0.0,1.7087559062557685,-0.26,-0.09,566,1.6528538266958694,0.2766387220828584,0.3492857142857143,0.20512820512820512,未払,5
786,47.42994,6,78,4,-0.02,288.7436,88,82.8913,12,78,0,-2.1399999999999997,236.7494,90,433.44720000000007,525.493,125.0,1.3352122287981405,2.12,-1.08,178,1.163776493256262,0.20253027974278845,0.07272727272727272,0.0,支払済,5
796,78.20325,15,165,20,0.25,452.7505,200,76.7732,27,196,7,-0.65,285.73900000000003,230,1032.2,738.4894999999999,4.0,1.6151382481240892,0.9,-0.2,430,0.9227799227799228,0.26624037337381745,0.5352941176470588,0.20234113712374582,支払済,2
798,71.4435,3,50,2,-0.1,707.414,55,66.7284,2,51,1,-0.1,524.278,54,1024.93,1231.692,114.0,1.346742106084778,0.0,-0.1,109,0.5,-0.2005614418137689,0.3333333333333333,0.25,支払済,1
808,78.4164,6,34,1,-0.6,492.229,41,68.7636,4,35,3,-0.2,270.874,42,763.103,661.289,284.0,1.8105041305899054,-0.39999999999999997,-0.4,83,0.4880952380952381,0.1345551581396749,0.125,0.375,支払済,1
815,61.705740000000006,44,385,14,-0.33999999999999997,510.7058,443,77.18222,27,565,8,-0.18,222.004,600,937.634,732.7098,5.0,1.5956957446917956,-0.16,-0.26,1043,1.7025749887687605,0.15110204945854575,0.10056022408963586,0.10364372469635627,支払済,5
816,78.435,35,273,58,0.2,2365.318,366,70.2038,12,551,10,0.0,918.778,573,5418.569,3284.096,0.0,2.571618368780293,0.2,0.1,939,0.3893617021276596,0.3940300418723335,0.6170212765957447,0.43478260869565216,支払済,1
817,71.85810000000001,26,395,31,-0.05,1220.4845,452,57.816100000000006,12,339,9,-0.25,294.94500000000005,360,2003.295,1515.4295,0.0,3.1500867388316127,0.2,-0.15,812,1.0262909913305691,0.3102746213715877,0.44025157232704404,0.23684210526315788,支払済,2
819,74.98925,10,159,16,0.55,444.4425,185,77.1259,12,209,7,-0.65,193.252,228,922.609,637.6945,0.0,2.157291276643644,1.2000000000000002,-0.04999999999999999,413,0.912614229765013,0.24493629521033045,0.6458333333333333,0.20588235294117646,支払済,2
822,75.21379999999999,14,75,10,-0.39999999999999997,322.523,99,70.4906,3,201,3,0.0,142.3545,207,678.67,464.8775,0.0,1.7685933737919437,-0.39999999999999997,-0.19999999999999998,306,0.6271548436308162,0.4341107726234542,0.3295454545454546,0.21428571428571427,支払済,2
823,36.828,13,172,7,-0.05,524.031,192,70.29595,5,195,2,-1.3,114.7165,202,1030.6945,638.7475000000001,0.0,2.308771048666367,1.25,-0.675,394,0.48854961832061067,0.3526490911934054,0.16666666666666666,0.14285714285714285,支払済,2
827,48.85226666666667,61,528,50,0.9666666666666667,1280.9676666666667,639,72.92286666666666,43,608,22,-1.8666666666666665,540.1053333333333,673,2242.9826666666663,1821.073,0.0,1.1136182982616323,2.8333333333333335,-0.44999999999999996,1312,0.8387857695282289,0.36715088400619433,0.40864197530864194,0.11458333333333333,支払済,3
830,73.8447,38,407,34,-0.2,1281.7559999999999,479,72.1062,22,507,24,0.0,494.4605,553,2163.509,1776.2165,4.0,2.630801137134089,-0.19999999999999998,-0.1,1032,0.9256125260649389,0.09302265272282895,0.41551020408163264,0.53125,支払済,2
835,37.0512,21,262,26,0.05,1119.88,309,75.12594999999999,7,240,10,0.0,152.65,257,1785.4545,1272.53,0.0,3.6764266556362055,0.05,0.025,566,0.5459363957597173,0.39232655624849144,0.2708333333333333,0.2777777777777778,支払済,2
836,75.9405,20,195,14,-0.39999999999999997,581.2075,229,61.07205,11,209,4,-0.1,144.587,224,1236.0639999999999,725.7945000000001,0.0,3.6468056088815497,-0.3,-0.25,453,0.8448540706605223,0.2693615343925666,0.20588235294117646,0.125,支払済,2
839,38.40486666666667,10,69,17,0.7166666666666667,123.97233333333332,96,75.12755,9,164,10,0.016666666666666666,61.413166666666676,183,296.9878333333333,185.3855,2.0,0.6933803211135302,0.7000000000000001,0.3666666666666667,279,0.9822695035460993,0.3378933214169697,0.3123015873015873,0.19444444444444442,支払済,6
840,75.19335000000001,21,267,18,-0.1,743.2094999999999,306,77.95345,18,388,18,0.05,382.3005,424,1438.079,1125.51,0.0,1.9232864539423349,-0.15000000000000002,-0.024999999999999994,730,0.8423076923076923,0.19380325109786173,0.4452380952380952,0.48405797101449277,支払済,2
842,77.0881,14,209,24,0.3,1484.799,247,57.9373,16,490,4,-0.1,637.814,510,3397.55,2122.613,0.0,2.3243056664381183,0.4,0.09999999999999999,757,0.3258575197889182,0.37543570051933917,0.6153846153846154,0.19047619047619047,未払,1
843,75.48155,9,174,32,0.45,331.876,215,80.017375,12,237,11,-1.25,102.72625,260,592.822,434.60224999999997,3.5,2.266083809851422,1.7,-0.39999999999999997,475,1.879814120690033,0.09528054337722297,0.37905092592592593,0.24579831932773108,支払済,4
850,74.4596,1,3,3,2.5,33.248,7,57.6632,0,21,2,0.6,36.614,23,222.16,69.862,1.0,0.8839261976923486,1.9,1.55,30,0.22580645161290322,0.6869421043197705,0.6,0.6666666666666666,支払済,1
852,79.12893333333334,23,180,13,-0.10000000000000002,332.79066666666665,216,67.41340000000001,23,297,7,-0.13333333333333333,241.115,327,692.4756666666667,573.9056666666667,18.333333333333332,1.7017103691303095,0.033333333333333326,-0.11666666666666665,543,1.0380280448011288,0.0488848386410042,0.2471794871794872,0.27777777777777773,支払済,3
853,56.586,0,8,3,1.4,22.088,11,70.1202,1,8,1,0.0,23.511,10,87.18,45.599,3.0,0.9011464240545062,1.4,0.7,21,0.5,0.4828872760263099,0.75,0.3333333333333333,支払済,1
863,74.57075,1,25,4,0.7,57.0465,30,75.07245,1,23,6,0.8500000000000001,39.229,30,104.184,96.2755,3.0,1.4878758929252593,-0.15000000000000002,0.775,60,0.9722222222222222,0.1050990952341313,0.5833333333333333,0.65,支払済,2
871,0.0,0,0,0,0.0,0.0,0,86.4225,0,2,0,0.0,2.7195,2,2.7195,2.7195,9.0,0.0,0.0,0.0,2,0.0,0.2863938475563933,0.0,0.0,支払済,2
872,29.7794,5,56,11,0.1,52.581399999999995,72,76.47084,8,69,1,-1.06,34.7044,78,98.6914,87.28580000000001,6.4,0.6874443310731017,1.16,-0.48,150,0.9859154929577465,0.2689841457956736,0.12941176470588237,0.025,支払済,5
874,71.1514,2,26,6,1.1666666666666667,48.843333333333334,34,77.67993333333332,3,26,3,-1.4666666666666668,27.075333333333333,32,89.91633333333334,75.91866666666668,0.0,1.7472338897427393,2.6333333333333333,-0.15,66,1.4600389863547758,0.1684630089803746,0.5333333333333333,0.3,支払済,3
877,43.79315714285714,17,170,34,0.18571428571428572,180.64642857142854,221,72.4208,24,418,12,-0.11428571428571428,100.18499999999999,454,396.48828571428567,280.8314285714286,6.857142857142857,0.8206220147709933,0.29999999999999993,0.03571428571428571,675,1.3869176755087984,0.2869028978285787,0.30573593073593075,0.08888888888888889,支払済,7
881,61.705740000000006,44,385,14,-0.33999999999999997,510.7058,443,77.18222,27,565,8,-0.18,222.004,600,937.634,732.7098,5.0,1.5956957446917956,-0.16,-0.26,1043,1.7025749887687605,0.15110204945854575,0.10056022408963586,0.10364372469635627,支払済,5
885,66.96929,23,302,18,-0.38,180.5558,343,62.73948,3,273,7,0.09,38.5662,283,287.72950000000003,219.122,0.0,3.4116850919110506,-0.47000000000000003,-0.145,626,4.264409026950097,0.3087167588499059,0.3234593837535014,0.1625,未払,10
889,78.8406,2,58,10,0.7,693.34,70,76.0361,5,85,1,-0.3,170.716,91,1014.03,864.056,7.0,4.037713433809313,1.0,0.19999999999999998,161,0.43209876543209874,0.14873846093218912,0.7692307692307693,0.14285714285714285,支払済,1
893,65.6467,0,1,0,0.0,2.18,1,0.0,0,0,0,0.0,0.0,0,2.18,2.18,1.0,2.18,0.0,0.0,1,0.5,0.3144654088050314,0.0,0.0,支払済,1
913,78.87445,5,90,10,0.325,128.161,105,60.52935,7,150,1,-0.175,87.32325,158,205.80474999999998,215.48425,13.75,2.218802164769729,0.5,0.07499999999999998,263,1.8052474966937464,0.08480801101681401,0.30952380952380953,0.0625,支払済,4
921,69.4922,1,9,2,0.8,35.298,12,63.0642,1,8,1,0.0,16.8,10,86.04,52.098,32.0,1.9830337078651685,0.8,0.4,22,0.5217391304347826,0.4014476102941177,0.5,0.3333333333333333,支払済,1
925,37.2946,9,129,12,0.1,522.3645,150,79.30735,4,216,5,0.0,152.72050000000002,225,1081.4595000000002,675.0849999999999,0.0,1.7193109781385154,0.1,0.05,375,0.4,0.32641423536874076,0.2727272727272727,0.25,支払済,2
926,38.632175000000004,0,17,4,0.3,20.4945,21,81.870825,2,24,2,-1.2,15.78475,28,41.447500000000005,36.27925,4.0,0.5239456125776794,1.5,-0.45,49,0.7681159420289855,0.2767090047821333,0.2,0.125,支払済,4
928,72.3954,6,156,30,0.6,387.47675,192,62.5659,12,200,14,-1.225,128.1155,226,681.742,505.35499999999996,399.75,1.4773930982646413,1.825,-0.3125,418,1.7498717948717948,0.25691650484197653,0.3787878787878788,0.21875,支払済,4
935,72.6693,3,15,3,0.2,73.424,21,69.9121,0,33,0,0.0,46.891,33,248.3,120.315,0.0,1.5331481906830096,0.2,0.1,54,0.38181818181818183,0.5173886883273164,0.42857142857142855,0.0,支払済,1
938,78.8691,0,1,2,3.8,11.669,3,66.4532,0,9,0,0.0,13.06,9,83.069,24.729,0.0,0.8299431009957325,3.8,1.9,12,0.23076923076923078,0.7058487670841809,0.6666666666666666,0.0,支払済,1
958,63.70353333333333,19,290,49,0.3333333333333333,554.5988333333333,358,73.94723333333333,14,498,11,-0.11666666666666665,182.54133333333334,523,837.2978333333334,690.9071666666667,186.0,2.4366933532210813,0.45,0.10833333333333332,881,2.1651912042240817,0.14570446239817395,0.4723160660660661,0.32870370370370366,支払済,6
963,75.68606666666666,13,243,28,-0.033333333333333305,991.0406666666668,284,66.25956666666667,11,366,13,-0.09999999999999998,309.4816666666667,390,1447.6063333333334,1300.5223333333333,43.666666666666664,3.538395436103464,0.06666666666666671,-0.06666666666666667,674,1.3434165950294983,0.1532994692446783,0.4984848484848485,0.30409356725146197,支払済,3
968,80.88533333333334,25,322,55,2.0,1083.0256666666667,402,76.88336666666667,19,614,16,-1.6666666666666667,274.61766666666665,649,1872.403,1357.6433333333334,0.6666666666666666,2.901944885459487,3.6666666666666665,0.16666666666666666,1051,1.126366499907356,0.2060509634660583,0.6271929824561403,0.2962962962962963,支払済,3
969,78.6027,4,92,8,0.2,522.955,104,71.0195,3,144,4,0.0,304.283,151,830.77,827.238,0.0,1.7130171021642215,0.2,0.1,255,0.40625,0.005448621614148053,0.6153846153846154,0.5,支払済,1
975,76.6384,13,268,15,0.1,1306.134,296,80.0298,15,316,9,-0.1,706.977,340,3858.08,2013.111,0.0,1.8448819665045617,0.2,0.0,636,0.46467817896389324,0.4783443204079728,0.5172413793103449,0.36,支払済,1
977,72.48689999999999,9,190,7,-0.1,719.8065,206,72.7264,14,230,3,-0.35,206.935,247,999.5335,926.7415,0.0,3.484296952566218,0.25,-0.225,453,0.9042207792207793,0.07412542935644068,0.39610389610389607,0.15555555555555556,支払済,2
978,76.11619999999999,23,193,19,1.850371707708594e-17,438.4056666666667,235,73.19283333333333,8,328,5,-0.06666666666666667,201.587,341,818.8363333333333,639.9926666666667,1.6666666666666667,2.4054428619704162,0.06666666666666668,-0.033333333333333326,576,1.191341327164865,0.12445302771232158,0.4222222222222222,0.3333333333333333,支払済,3
980,78.0573,3,8,3,0.3,86.661,14,77.3012,1,17,1,0.0,29.993,19,122.54,116.654,1.0,2.796147517181299,0.3,0.15,33,0.4117647058823529,0.05573903189250451,0.42857142857142855,0.3333333333333333,支払済,1
982,48.82776666666666,0,2,0,0.0,1.0363333333333333,2,83.92776666666667,0,3,0,0.0,1.8526666666666667,3,1.9726666666666668,2.889,1.6666666666666667,0.38384305989872197,0.0,0.0,5,0.6666666666666666,0.037477340966892446,0.0,0.0,支払済,3
990,77.45236666666666,4,132,11,0.6666666666666666,163.158,147,69.3691,2,162,4,0.03333333333333333,163.09099999999998,168,333.58666666666664,326.249,1.0,1.0955176962061988,0.6333333333333333,0.35000000000000003,315,1.2703703703703704,0.16319553582053106,0.6111111111111112,0.3666666666666667,支払済,3
1006,0.0,0,0,0,0.0,0.0,0,84.62085,0,2,0,0.0,1.7295000000000003,2,1.7295000000000003,1.7295000000000003,10.0,0.0,0.0,0.0,2,0.0,0.3739830046338542,0.0,0.0,支払済,2
1008,69.2332,3,7,3,0.0,194.6945,13,75.83834999999999,2,12,1,-0.4,178.95,15,373.64450000000005,246.425,592.0,0.5931712838226828,0.4,-0.2,28,0.7777777777777777,0.1786018940721254,0.21428571428571427,0.125,支払済,2
1013,74.2339,4,40,6,0.3,227.14,50,74.7793,2,48,0,-0.2,59.784,50,312.299,286.924,19.0,3.7368386417478283,0.5,0.04999999999999999,100,0.49504950495049505,0.08418475641479861,0.5454545454545454,0.0,支払済,1
1017,72.32665,12,102,11,1.05,779.575,125,75.50059999999999,2,244,3,-0.25,90.0815,249,1003.585,869.6565,0.0,5.658053955057117,1.3,0.39999999999999997,374,0.8762393162393163,0.2787645247694848,0.5745614035087719,0.3,支払済,2
1018,79.7562,1,6,2,0.6,47.669,9,56.4683,0,13,0,0.0,13.671,13,110.209,61.34,0.0,3.2491991002658307,0.6,0.3,22,0.391304347826087,0.44842593674972353,0.5,0.0,支払済,1
1023,78.71195,32,364,41,0.45,1362.6860000000001,437,70.27799999999999,29,795,20,-0.05,694.3850000000001,844,2373.3244999999997,2057.071,27.5,2.295042366695983,0.5,0.2,1281,0.733139393939394,0.05097759910152411,0.5714285714285714,0.2,支払済,2
1031,77.5529,11,123,10,0.0,1025.748,144,62.6476,4,235,6,0.0,374.031,245,1569.75,1399.779,0.0,2.735101898243079,0.0,0.0,389,0.36923076923076925,0.10884672926945727,0.45454545454545453,0.5454545454545454,支払済,1
1033,78.6193,18,301,55,2.6666666666666665,658.7793333333333,374,79.39093333333334,11,330,4,-0.03333333333333333,124.26633333333332,345,1268.9533333333334,783.0456666666668,8.333333333333334,4.35509619189689,2.6999999999999997,1.3166666666666667,719,1.3522144522144521,0.12788121909893302,0.5787037037037037,0.08333333333333333,支払済,3
1036,37.41735,1,8,4,0.95,15.63,13,68.54835,1,11,0,-0.25,8.078,12,31.134500000000003,23.708,0.0,1.2137920323056612,1.2,0.35,25,0.52,0.2551351774627681,0.3333333333333333,0.0,支払済,2
1037,77.96617499999999,21,173,15,-0.02500000000000001,214.05875,209,75.86615,9,244,5,-0.19999999999999998,146.1745,258,429.97225000000003,360.23325,2.75,1.350867711115245,0.175,-0.11249999999999999,467,1.6827332898761471,0.10079076518091123,0.38270308123249297,0.21666666666666667,支払済,4
1040,71.41329999999999,15,228,27,-0.1,1181.4415000000001,270,77.42575,7,451,3,-0.25,224.8135,461,1728.2695,1406.255,0.5,3.6181087234003844,0.15,-0.175,731,0.8371933621933622,0.2864043812214591,0.45,0.16666666666666666,支払済,2
1041,76.5225,12,167,8,-0.1,1334.65,187,72.7648,15,282,4,-0.2,473.8,301,2319.889,1808.45,0.0,2.810973041280539,0.1,-0.15000000000000002,488,0.3824130879345603,0.2207942732289222,0.38095238095238093,0.2,支払済,1
1043,78.24553333333334,18,139,11,-0.10000000000000003,295.36466666666666,168,69.03596666666668,11,200,3,-0.19999999999999998,120.72466666666666,214,516.8093333333334,416.08933333333334,0.0,2.481794383177155,0.09999999999999998,-0.15000000000000002,382,1.2166833166833166,0.15613930001431378,0.3212121212121212,0.12222222222222223,支払済,3
1044,78.24119999999999,16,40,9,0.15000000000000002,399.7695,65,69.78800000000001,5,65,6,0.19999999999999998,297.3005,76,708.3784999999999,567.006,275.5,1.4311856892846213,-0.04999999999999993,0.175,141,0.8335978835978837,0.2063632401770601,0.39285714285714285,0.5416666666666666,支払済,2
1045,78.84385,11,175,11,0.15,678.7760000000001,197,76.6332,9,367,11,0.0,283.452,387,1186.184,962.228,0.0,2.2630350593389887,0.14999999999999997,0.07500000000000001,584,0.6988819875776398,0.15220764102373496,0.5222222222222223,0.4916666666666667,支払済,2
1047,78.9056,19,246,21,1.7,536.1933333333334,286,77.45753333333333,21,363,15,-1.7333333333333334,196.23866666666666,399,970.3266666666667,732.4319999999999,0.3333333333333333,2.1675227433620616,3.4333333333333336,-0.016666666666666666,685,1.1580364619014996,0.17472608629032438,0.4967793880837359,0.2728174603174603,支払済,3
1049,73.75,0,1,0,0.0,1.971,1,84.0,0,1,0,0.0,3.0,1,3.0,4.971,1.0,0.49275,0.0,0.0,2,0.3333333333333333,-0.24275000000000002,0.0,0.0,支払済,1
1053,0.0,0,0,0,0.0,0.0,0,85.66,0,1,0,0.0,2.72,1,2.72,2.72,1.0,0.0,0.0,0.0,1,0.0,0.26881720430107525,0.0,0.0,支払済,1
1054,79.3483,0,1,0,0.0,11.53,1,84.2057,1,0,0,-5.0,13.569,1,25.719,25.099,1.0,0.7914064108724003,5.0,-2.5,2,0.3333333333333333,0.06063101163965723,0.0,0.0,支払済,1
1078,77.55552,31,494,44,0.1,500.61140000000006,569,71.30658,46,618,12,-0.22000000000000003,277.0866,676,1289.4412,777.698,15.6,2.8287333828990215,0.32,-0.059999999999999984,1245,2.294917751742228,0.16345674095064858,0.33894230769230765,0.21313131313131314,支払済,5
1082,83.0965,0,6,3,1.7,28.398,9,80.6355,1,5,1,0.0,18.202,7,64.3,46.6,0.0,1.4789084470367668,1.7,0.85,16,0.5294117647058824,0.28637059724349156,0.75,0.3333333333333333,支払済,1
1083,74.2103,9,145,18,0.3,776.817,172,77.0223,8,143,9,0.0,218.653,160,1406.13,995.47,0.0,3.5365644903552425,0.3,0.15,332,0.5165165165165165,0.29255292687953494,0.6428571428571429,0.5,支払済,1
1084,64.8635,1,7,3,0.9,28.201,11,60.673,1,16,2,0.3,30.263,19,141.429,58.464,0.0,0.9020567443943319,0.6000000000000001,0.6,30,0.3548387096774194,0.5895217968250848,0.6,0.5,支払済,1
1086,40.79884444444444,37,293,16,0.14444444444444446,151.44933333333333,346,70.28564444444444,18,380,6,-0.6555555555555556,71.55388888888889,404,531.276,223.00322222222223,0.0,0.7570490124721536,0.8,-0.25555555555555554,750,1.9687955446749417,0.38026904064392775,0.14772727272727273,0.0617283950617284,支払済,9
1088,74.6051,18,189,8,-0.3,818.001,215,71.1862,9,199,3,-0.2,454.611,211,1948.43,1272.612,0.0,1.795393438700997,-0.09999999999999998,-0.25,426,0.5035128805620609,0.34718763946384323,0.2962962962962963,0.23076923076923078,支払済,1
1089,22.846,52,662,41,-0.03333333333333333,1048.8553333333332,755,82.2915,37,599,12,-3.4,329.0663333333333,648,1984.2396666666666,1377.9216666666664,27.333333333333332,1.0690965380889719,3.3666666666666667,-1.7166666666666668,1403,0.5385164051355207,0.3982312409297795,0.14539007092198583,0.08333333333333333,支払済,3
1092,68.8819,0,5,3,1.9,23.999,8,60.1812,0,11,0,0.0,15.313,11,76.94,39.312,0.0,1.4711579721694352,1.9,0.95,19,0.4,0.4956120092378753,0.75,0.0,未払,1
1093,78.0786,8,82,5,0.19999999999999998,366.046,95,64.43145,2,149,6,-0.04999999999999999,140.6095,157,592.1550000000001,506.6555,6.5,2.1429701543525783,0.25,0.075,252,0.7649801179212944,0.1261389980030198,0.38636363636363635,0.5416666666666667,未払,2
1094,26.12323333333333,3,87,5,0.03333333333333333,171.81866666666667,95,81.60723333333334,3,109,6,0.06666666666666667,86.632,118,336.2393333333334,258.4506666666667,8.666666666666666,0.6701274455889369,-0.03333333333333333,0.05000000000000001,213,0.4481132075471698,0.2828930761060689,0.1851851851851852,0.19999999999999998,支払済,3
1098,31.6961,0,6,2,0.65,13.5245,8,83.46600000000001,0,7,0,0.0,7.291499999999999,7,32.554,20.816,0.0,1.023575266782714,0.65,0.325,15,0.5333333333333333,0.35989344359857467,0.3333333333333333,0.0,支払済,2
1100,80.0713,4,175,27,0.6,743.144,206,84.0274,10,214,10,0.0,725.775,234,1358.68,1468.919,0.0,1.022522789033745,0.6,0.3,440,0.4671201814058957,-0.08034169804659919,0.84375,0.47619047619047616,支払済,1
1103,65.3183,0,6,2,1.3,18.25,8,63.8131,0,7,2,1.5,17.45,9,66.87,35.7,0.0,0.989159891598916,-0.19999999999999996,1.4,17,0.4444444444444444,0.47399440106085167,0.6666666666666666,0.6666666666666666,支払済,1
1104,74.9872125,65,661,21,-0.3875,453.030375,747,71.1271125,68,903,16,-0.3375,268.686875,987,885.154625,721.7172499999999,70.25,1.993792161342483,-0.04999999999999999,-0.3625,1734,3.5992424050689977,0.18436904752367134,0.24114881145035422,0.14582433764019442,支払済,8
1115,69.2153,1,8,1,0.0,432.11,10,65.4736,2,11,0,-0.8,274.249,13,706.359,532.98,662.0,1.5698876290195423,0.8,-0.4,23,0.4166666666666667,0.2465212148286796,0.3333333333333333,0.0,支払済,1
1119,75.27765,6,27,2,-1.55,706.7845,35,62.91125,4,43,3,-0.55,304.79499999999996,50,1011.5794999999999,863.255,667.0,2.1186995661500627,-0.9999999999999999,-1.05,85,0.7834507042253521,-0.20239871712267193,0.16666666666666666,0.25,支払済,2
1128,46.645022222222224,23,182,17,0.05555555555555555,101.57533333333333,222,79.7948,16,264,6,-0.6222222222222222,62.38188888888889,286,209.10622222222221,163.9572222222222,4.777777777777778,0.8503906798705818,0.6777777777777777,-0.2833333333333333,508,2.635565103234276,0.16362775460261844,0.19328877749930382,0.10826210826210826,支払済,9
1134,74.7758,2,28,4,0.8333333333333334,72.185,34,71.14013333333334,3,58,2,0.06666666666666667,41.022333333333336,63,147.58566666666667,113.20733333333334,5.333333333333333,1.1196676033221915,0.7666666666666666,0.44999999999999996,97,1.0489620054837445,0.25147550091442344,0.26666666666666666,0.2333333333333333,支払済,3
1136,80.0152,0,6,1,0.7,32.735,7,68.1102,0,10,0,0.0,23.631,10,44.759,56.366,3.0,1.3290162802971865,0.7,0.35,17,0.3888888888888889,-0.23180139426123825,0.5,0.0,支払済,1
1140,75.27,44,331,35,-0.2375,257.855,410,75.4796625,29,535,24,-0.125,142.774625,588,412.80237500000004,400.62962500000003,34.375,1.666422836684052,-0.11249999999999999,-0.18125,998,3.251618955552675,-0.06875951156550918,0.2685672514619883,0.3357142857142857,支払済,8
1141,73.1849,35,378,30,-0.1,1982.55,443,66.4704,20,443,3,-0.2,580.455,466,4233.319,2563.005,0.0,3.4096361713288212,0.1,-0.15000000000000002,909,0.4868131868131868,0.3947066812868847,0.45454545454545453,0.125,支払済,1
1143,69.27635000000001,1,44,12,1.25,53.1275,57,73.676225,5,48,3,-0.125,33.76675,56,148.482,86.89425,0.0,1.5463024588171381,1.375,0.5625,113,1.8675435675435677,0.3870624874506582,0.6916666666666667,0.22916666666666666,支払済,4
1144,70.9692,0,10,4,1.4,45.337,14,53.4356,0,21,0,0.0,31.729,21,160.44,77.066,0.0,1.385224113171805,1.4,0.7,35,0.3888888888888889,0.5226337958374628,0.8,0.0,支払済,1
1145,38.8314,2,9,2,0.0,18.3135,13,81.16555,0,18,3,0.5,26.2615,21,78.814,44.575,0.0,0.35920092578063706,-0.5,0.25,34,0.38235294117647056,0.3638417729782484,0.2,0.375,支払済,2
1146,75.9587,14,158,17,0.05,434.65250000000003,189,79.01724999999999,12,186,9,-0.1,155.4485,207,716.9549999999999,590.101,0.0,2.777709877869211,0.15000000000000002,-0.025,396,0.9448115237588921,0.16549331704066816,0.5391304347826087,0.3939393939393939,未払,2
1147,78.0238,63,778,75,-0.15000000000000002,1782.7445,916,66.54435000000001,97,1149,17,-0.8500000000000001,1677.7735,1263,3705.88,3460.518,0.0,1.7506505453863062,0.7,-0.5,2179,0.7922114232459061,0.008969785881755732,0.4849624060150376,0.07589285714285714,支払済,2
1148,71.4432,2,14,2,0.3,55.562,18,49.7242,0,23,0,0.0,55.085,23,162.429,110.647,0.0,0.9906748685031648,0.3,0.15,41,0.42857142857142855,0.3229659362781391,0.4,0.0,支払済,1
1155,70.56175,26,171,15,-0.6916666666666668,189.48158333333333,212,71.23230833333334,13,199,1,-0.17500000000000002,87.81875000000001,213,314.57441666666665,230.52224999999999,241.08333333333334,2.6287376025644913,-0.5166666666666666,-0.43333333333333335,425,4.744347886605891,0.17944553794530185,0.20694444444444446,0.041666666666666664,支払済,12
1158,74.6628,37,365,29,0.0,1814.331,431,74.54765,18,692,35,0.2,521.2965,745,2432.694,2335.6275,1.0,4.2145078214070235,-0.2,0.1,1176,0.7163311859223422,0.00226621589308984,0.4519230769230769,0.6822344322344323,支払済,2
1159,77.84146666666668,1,26,10,1.4333333333333333,57.484,37,68.03083333333333,4,47,1,-0.19999999999999998,46.330000000000005,52,172.13333333333333,99.75033333333334,109.0,1.256016317749091,1.6333333333333335,0.6166666666666667,89,1.1981818181818182,0.3981859328453547,0.6468253968253967,0.16666666666666666,支払済,3
1160,60.97346,12,239,19,0.12000000000000002,217.21040000000002,270,81.00327999999999,12,276,14,-0.9199999999999999,142.087,302,458.71360000000004,359.29740000000004,0.0,1.2109095153163405,1.04,-0.4,572,1.879372442072671,0.14265872851497677,0.42095238095238097,0.32857142857142857,支払済,5
1161,75.5721,12,85,9,-0.2,399.404,106,66.0095,8,121,2,-0.2,249.969,131,791.599,649.373,0.0,1.5914475492989175,0.0,-0.2,237,0.44537815126050423,0.18070424010123654,0.4090909090909091,0.18181818181818182,支払済,1
1169,68.30565,14,153,5,-0.15,364.8775,172,74.17265,5,140,1,-0.05,111.8815,146,908.73,476.759,5.5,1.8180910786535494,-0.09999999999999999,-0.1,318,0.8727655099894847,0.24115335028224577,0.125,0.07142857142857142,支払済,2
1171,65.03646666666667,2,20,2,-0.03333333333333336,71.41633333333333,24,39.40486666666667,4,20,0,-0.5666666666666668,40.455,24,111.87133333333334,159.976,342.6666666666667,6.467358238878622,0.5333333333333333,-0.30000000000000004,48,1.436026936026936,-0.5416656427111549,0.2222222222222222,0.0,支払済,3
1176,75.6637,1,19,6,1.1,96.723,26,73.434,1,27,0,-0.2,43.887,28,195.5,140.61,1.0,2.15481096976853,1.3,0.45000000000000007,54,0.4727272727272727,0.28442748091603043,0.75,0.0,支払済,1
1184,76.9605,4,47,9,0.5,270.144,60,74.7747,5,87,2,-0.2,159.075,94,484.14,429.219,0.0,1.68760893331251,0.7,0.15,154,0.3870967741935484,0.11526775776064635,0.6428571428571429,0.25,支払済,1
1189,72.66163333333333,25,531,28,0.5333333333333333,1079.613,584,48.98083333333333,29,800,6,-0.10000000000000002,512.5273333333333,835,1727.64,1592.1403333333335,0.6666666666666666,1.623037998639923,0.6333333333333333,0.21666666666666665,1419,1.2187602360991747,0.09842767865647355,0.5446031746031745,0.11212121212121212,支払済,3
1191,77.49275,10,98,20,0.44999999999999996,370.55199999999996,128,74.3119,8,94,9,0.45000000000000007,104.239,111,608.965,474.791,0.0,3.1819746733900387,0.0,0.45,239,1.0155561317085817,0.17645814315704134,0.5542857142857143,0.5785714285714286,支払済,2
1192,77.15443333333333,34,250,18,-0.3333333333333333,855.6346666666665,302,56.09553333333333,16,259,7,-0.19999999999999998,288.289,282,1560.2123333333336,1143.9236666666668,99.66666666666667,3.0977307115465558,-0.13333333333333333,-0.26666666666666666,584,1.5382591036148743,0.2640739823705741,0.38169934640522873,0.32407407407407407,支払済,3
1193,79.16616666666667,10,163,12,-0.21666666666666667,172.51583333333335,185,70.48926666666667,19,202,8,-0.4166666666666667,84.97850000000001,229,312.36650000000003,257.4943333333334,0.0,2.2875155859334337,0.19999999999999998,-0.3166666666666667,414,2.210446570972887,0.0926341497542381,0.2777777777777778,0.18554131054131054,未払,6
1209,73.2922,0,13,3,0.9,25.853,16,62.6171,1,23,1,0.0,70.839,25,236.139,96.692,35.0,0.35987416305906267,0.9,0.45,41,0.38095238095238093,0.5922560186219896,0.75,0.3333333333333333,支払済,1
1212,77.5218,5,33,1,-0.43333333333333335,63.71266666666666,39,71.65053333333334,2,55,1,-0.03333333333333335,27.405,58,122.82000000000001,91.11766666666666,22.333333333333332,2.6295439367009066,-0.39999999999999997,-0.23333333333333336,97,1.198051948051948,0.21358047759038837,0.16666666666666666,0.16666666666666666,支払済,3
1214,77.7735,1,20,2,0.2,68.309,23,62.6503,2,19,1,-0.2,66.668,22,176.6,134.977,14.0,1.0094727197493645,0.4,0.0,45,0.5,0.23999436936936935,0.5,0.25,支払済,1
1228,75.1337,30,660,35,-0.25,1641.811,725,71.2442,22,567,20,0.1,451.4885,609,2776.0445,2093.2995,3.0,2.98858628924883,-0.35000000000000003,-0.07499999999999998,1334,0.9519025539118275,0.34977498733102574,0.41785714285714287,0.47619047619047616,未払,2
1250,77.789575,6,79,19,0.275,116.39325000000001,104,80.47745,7,120,4,-0.07500000000000001,66.43950000000001,131,176.0145,182.83274999999998,0.0,1.2703457696696168,0.35,0.1,235,1.620879120879121,-0.028478195008135976,0.4142156862745098,0.16666666666666666,支払済,4
1255,79.70102,29,346,38,0.32,461.06640000000004,413,75.08176,20,521,7,-0.10000000000000002,193.44120000000004,548,866.9298000000001,654.5076,0.0,2.239715501694497,0.42000000000000004,0.11000000000000003,961,2.1534454562065677,0.2345151872336218,0.5158620689655172,0.1970588235294118,支払済,5
1256,77.90865,9,99,13,0.05,486.0935,121,76.3179,3,116,6,0.1,105.53750000000001,125,1069.484,591.631,0.0,3.7988437030163045,-0.05,0.07500000000000001,246,0.8333333333333333,0.2309835228180404,0.45238095238095233,0.3,支払済,2
1264,75.58673333333333,24,257,20,0.5666666666666668,298.2871666666667,301,66.62338333333334,10,322,7,0.20000000000000004,100.56766666666665,339,499.73766666666666,398.8548333333333,63.666666666666664,2.6524683862047502,0.36666666666666664,0.3833333333333333,640,2.7660158938999473,0.22138865292801949,0.43257575757575756,0.3071428571428571,支払済,6
1265,75.17916666666667,0,6,6,2.6999999999999997,15.257333333333335,12,83.27289999999999,4,9,0,-3.6333333333333333,13.220333333333334,13,35.59633333333334,28.477666666666664,0.0,0.8213847527392435,6.333333333333333,-0.4666666666666666,25,1.121212121212121,0.15249411304592142,0.4444444444444445,0.0,支払済,3
1267,78.3512,22,353,66,0.6,1585.319,441,75.6377,18,517,18,-0.09999999999999999,490.77,553,2445.705,2076.089,0.0,3.1016621073799313,0.7,0.25,994,0.8941066891723477,0.1309911754377568,0.7037874505370265,0.45658263305322133,支払済,2
1278,77.765,22,305,40,0.3,1439.862,367,65.1035,21,517,14,0.0,1263.86,552,3224.419,2703.722,13.0,1.1383568141928753,0.3,0.15,919,0.39891304347826084,0.16174549725167475,0.6349206349206349,0.3888888888888889,支払済,1
1290,73.1716,17,369,26,0.1,3052.569,412,75.6382,27,526,19,-0.1,981.216,572,4058.36,4033.785,0.0,3.107838805313699,0.2,0.0,984,0.4182741116751269,0.006300254227267432,0.5909090909090909,0.40425531914893614,支払済,1
1291,50.399233333333335,37,221,32,-0.020000000000000004,214.5694,290,79.09354666666667,55,252,2,-2.24,131.79026666666667,309,359.3894,349.12506666666667,241.93333333333334,1.4702488296657925,2.2199999999999998,-1.13,599,4.448169436869535,0.108987387048521,0.15922490208204496,0.015042735042735043,支払済,15
1339,76.55258571428571,31,447,33,0.15714285714285717,293.46757142857143,511,79.64677142857143,38,564,10,-0.09999999999999999,237.17000000000002,612,515.431,530.6375714285714,105.71428571428571,1.4419249355687502,0.2571428571428572,0.028571428571428574,1123,2.9290584608508947,0.07444440016299012,0.41030377668308704,0.21681057038199894,支払済,7
